x,((a;zaab,((a;zaab
x,((aadat,((aadat
x,((aafiyat,((aafiyat
x,((aajiz,((aajiz
x,((aajiz-e,((aajiz
x,((aalam,((aalam
x,((aalam-aaraa))ii,((aalam-aaraa))ii
x,((aalam-e,((aalam
x,((aalam-taab,((aalam-taab
x,((aalii,((aalii
x,((aalii-guhar,((aalii-guhar
x,((aam,((aam
x,((aar-e,((aar
x,((aari.z,((aari.z
x,((aari.z-e,((aari.z
x,((aarif,((aarif
x,((aashiq,((aashiq
x,((aashiq-e,((aashiq
x,((aashiqii,((aashiqii
x,((aba;s,((aba;s
x,((adaalat-e,((adaalat
x,((adaavat,((adaavat
x,((adaavat-e,((adaavat
x,((adam,((adam
x,((aduu,((aduu
x,((ahd,((ahd
x,((ahd-e,((ahd
x,((aib,((aib
x,((aish,((aish
x,((aish-e,((aish
x,((aish-o-jaah,((aish-o-jaah|((aish|jaah
x,((ajab,((ajab
x,((ajz,((ajz
x,((ajz-e,((ajz
x,((aks,((aks
x,((aks-e,((aks
x,((al;aa-al-ra;gm-e,((al;aa-al-ra;gm
x,((alaavah,((alaavah
x,((alam,((alam
x,((alii,((alii
x,((aliih,((aliih
x,((amaarii,((amaarii
x,((amal,((amal
x,((anaa.sir,((anaa.sir
x,((anbar-baar-e,((anbar-baar
x,((anbarii;n,((anbariin
x,((andaliib,((andaliib
x,((anqaa,((anqaa
x,((aqd-e,((aqd
x,((aqiidah,((aqiidah
x,((aql,((aql
x,((aql-o-dil-o-jaa;n,((aql-o-dil-o-jaan|((aql|dil|jaan
x,((ar.sah,((ar.sah
x,((ar.sah-e,((ar.sah
x,((ar.se,((ar.sah
x,((ar.z,((ar.z
x,((ar.z-e,((ar.z
x,((araq,((araq
x,((araq-e,((araq
x,((arbadah-juu,((arbadah-juu
x,((arbadah-maidaa;n,((arbadah-maidaa;n
x,((arsh,((arsh
x,((ayaar-e,((ayaar
x,((aziiz,((aziiz
x,((azm-e,((azm
x,((i:tr-e,((i:tr
x,((i:tr-saa-e,((i:tr-saa
x,((ibaadat,((ibaadat
x,((ibaarat,((ibaarat
x,((ibrat,((ibrat
x,((ibrat-e,((ibrat
x,((ibrat-nigaah,((ibrat-nigaah
x,((iid,((iid
x,((iid-e,((iid
x,((iimaa-e,((iimaa
x,((iis;aa,((iis;aa
x,((ilaaj,((ilaaj
x,((inaa;n-giir,((inaan-giir
x,((inaa;n-giir-e,((inaan-giir
x,((inaa;n-guse;xtah,((inaan-guse;xtah
x,((inaayat,((inaayat
x,((ishq,((ishq
x,((ishq-e,((ishq
x,((ishq-o-mazduurii-e,((ishq-o-mazduurii|((ishq|mazduurii
x,((ishq-o-naa-guziir-e,((ishq-o-naa-guziir|((ishq|naa-guziir
x,((ishrat,((ishrat
x,((ishrat-e,((ishrat
x,((ishrat-gah-e,((ishrat-gaah
x,((itaab,((itaab
x,((iyaadat,((iyaadat
x,((izz-o-naaz,((izz-o-naaz|((izz|naaz
x,((u;zr,((u;zr
x,((u;zr-;xvaah,((u;zr-;xvaah
x,((u;zr-;xvaah-e,((u;zr-;xvaah
x,((u;zr-e,((u;zr
x,((uhde,((uhdah
x,((umr,((umr
x,((umr-e,((umr
x,((umr-o-asad,((umr-o-asad|((umr|asad
x,((unvaa;n,((unvaan
x,((unvaan-e,((unvaan
x,((uqdah-e,((uqdah
x,((uqde,((uqdah
x,((uquubat,((uquubat
x,((uryaa;n,((uryaa;n
x,((uryaanii,((uryaanii
x,((ushshaaq,((ushshaaq
x,((uyuub-e,((uyuub
x,.sa;hraa,.sa;hraa
x,.sa;hraa-dast-gaah-o-qa:trah,.sa;hraa-dast-gaah-o-qa:trah|.sa;hraa-dast-gaah|qa:trah
x,.sa;hraa-e,.sa;hraa
x,.sa;hraa-gard,.sa;hraa-gard
x,.sa;hraa-navard,.sa;hraa-navard
x,.saa((iqah-o-shu((lah-o-siimaab,.saa((iqah-o-shu((lah-o-siimaab|.saa((iqah|shu((lah|siimaab
x,.saa;hib,.saa;hib
x,.saaf,.saaf
x,.sabaa,.sabaa
x,.sabr-:talab,.sabr-:talab
x,.sabr-aazmaa,.sabr-aazmaa
x,.sabr-e,.sabr
x,.sad,.sad
x,.sad-daanah,.sad-daanah
x,.sad-guunah,.sad-guunah
x,.sad-hazaar,.sad-hazaar
x,.sad-jalvah-e,.sad-jalvah
x,.sad-na:zar,.sad-na:zar
x,.sad-rang,.sad-rang
x,.sadaa,.sadaa
x,.sadaa-e,.sadaa
x,.sadaf-e,.sadaf
x,.sadmah-e,.sadmah
x,.saf-e,.saf
x,.safaa-e,.safaa
x,.sahbaa,.sahbaa
x,.sahbaa-e,.sahbaa
x,.said,.said
x,.said-e,.said
x,.saiqal,.saiqal
x,.saiqal-e,.saiqal
x,.salaa,.salaa
x,.salaa-e,.salaa
x,.sanam-kadah,.sanam-kadah
x,.sar.sar,.sar.sar
x,.sar.sar-e,.sar.sar
x,.sarf-e,.sarf
x,.sarfah,.sarfah
x,.sariir-e,.sariir
x,.sayyaad,.sayyaad
x,.si;h;hat,.si;h;hat
x,.sifaat,.sifaat
x,.sile,.sile
x,.sirf,.sirf
x,.su;hbat,.su;hbat
x,.su;hbat-e,.su;hbat
x,.sub;h,.sub;h
x,.sub;h-dam,.sub;h-dam
x,.sub;h-e,.sub;h
x,.sub;h-o-mihr,.sub;h-o-mihr|.sub;h|mihr
x,.sul;h,.sul;h
x,.suur,.suur
x,.suurat,.suurat
x,.suurat-;xaanah-e,.suurat-;xaanah
x,.suurat-e,.suurat
x,.suurate;n,.suurat
x,.suvar,.suvar
x,.zaamin,.zaamin
x,.zaamin-e,.zaamin
x,.zab:t,.zab:t
x,.zab:t-e,.zab:t
x,.zarar,.zarar
x,.zaruur,.zaruur
x,.zauq-e,.zauq
x,.zid,.zid
x,.zu((f,.zu((f
x,.zu((f-e,.zu((f
x,:ta((n-e,:ta((n
x,:ta((nah,:ta((nah
x,:ta((nah-e,:ta((nah
x,:ta((no;n,:ta((nah
x,:taa((at,:taa((at
x,:taa((at-o-zuhd,:taa((at-o-zuhd|:taa((at|zuhd
x,:taa))uus,:taa))uus
x,:taala((-e,:taala((
x,:taali((-e,:taali((
x,:taalib-e,:taalib
x,:taaq-e,:taaq
x,:taaqat,:taaqat
x,:taaqat-e,:taaqat
x,:taaqat-rubaa,:taaqat-rubaa
x,:tab((-e,:tab((
x,:tab((a,:tab((a
x,:tabii((at,:tabii((at
x,:tabii((at-e,:tabii((at
x,:tabii((ato;n,:tabii((at
x,:tabii((ii,:tabii((ii
x,:tahuur,:tahuur
x,:talab,:talab
x,:talabgaar-e,:talabgaar
x,:tama((-e,:tama((
x,:tannaaz,:tannaaz
x,:tara;h,:tara;h
x,:taraavat,:taraavat
x,:taraavat-e,:taraavat
x,:tarab,:tarab
x,:tarab-inshaa-e,:tarab-inshaa
x,:taraf,:taraf
x,:tarf-e,:taraf
x,:tarz-e,:tarz
x,:tarz-o-ravish,:tarz-o-ravish|:tarz|ravish
x,:tauf-e,:tauf
x,:tauq,:tauq
x,:tauq-e,:tauq
x,:tavaaf-e,:tavaaf
x,:tay,:tay
x,:tayuur,:tayuur
x,:tiflaa;n,:tifl
x,:tiflaan-e,:tifl
x,:tilism,:tilism
x,:tilism-e,:tilism
x,:tu((mah,:tu((mah
x,:turfah,:turfah
x,:turrah,:turrah
x,:turrah'haa-e,:turrah
x,:turrah-e,:turrah
x,:tuu:tii,:tuu:tii
x,:tuu:tii-e,:tuu:tii
x,:tuufaa;n,:tuufaan
x,:tuufaa;n-gaah-e,:tuufaan-gaah
x,:tuufaan-e,:tuufaan
x,:tuufaanii-e,:tuufaanii
x,:tuul,:tuul
x,:tuulaanii,:tuulaanii
x,:tuumaar-e,:tuumaar
x,:tuur,:tuur
x,:zaahir,:zaahir
x,:zaahira:n,:zaahira:n
x,:zaalim,:zaalim
x,:zan,:zann
x,:zann,:zann
x,:zarf,:zarf
x,:zarf-e,:zarf
x,:zuhuur,:zuhuur
x,:zuhuurii,:zuhuurii
x,:zulm,:zulm
x,:zulmat-gustarii,:zulmat-gustarii
x,:zulmat-kade,:zulmat-kadah
x,;daal,;daalnaa
x,;daalaa,;daalnaa
x,;daale;nge,;daalnaa
x,;daaliye,;daalnaa
x,;dar,;darnaa
x,;daraataa,;daraanaa
x,;dare,;darnaa
x,;dartaa,;darnaa
x,;darte,;darnaa
x,;dhaa;npaa,;dhaa;npnaa
x,;dhuu;n;de,;dhuu;n;dnaa
x,;dhuu;n;dhaa,;dhuu;n;dhnaa
x,;dhuu;n;dhe,;dhuu;n;dhnaa
x,;dhuu;n;dtaa,;dhuu;n;dnaa
x,;dubo,;dubonaa
x,;duboyaa,;duboynaa
x,;duubii,;duubnaa
x,;ga.zab,;ga.zab
x,;gaafil,;gaafil
x,;gaalib,;gaalib
x,;gaalib-e,;gaalib
x,;gaaliyah-mo,;gaaliyah-mo
x,;gaarat,;gaarat
x,;gaarat-gar-e,;gaarat-gar
x,;gaarat-garii,;gaarat-garii
x,;gaazah,;gaazah
x,;gaflat,;gaflat
x,;gaflat-e,;gaflat
x,;gaflat-shi((aarii,;gaflat-shi((aarii
x,;gaib,;gaib
x,;gaib-e,;gaib
x,;gair,;gair
x,;gair-e,;gair
x,;gala:t,;gala:t
x,;gala:t-andaaz,;gala:t-andaaz
x,;gala:t-bardaar,;gala:t-bardaar
x,;gala:tii,;gala:tii
x,;gala:tiihaa-e,;gala:tii
x,;gam,;gam
x,;gam-;xaane,;gam-;xaanah
x,;gam-;xvaar,;gam-;xvaar
x,;gam-;xvaar-e,;gam-;xvaar
x,;gam-;xvaaragii,;gam-;xvaaragii
x,;gam-;xvaarii,;gam-;xvaarii
x,;gam-e,;gam
x,;gam-gusaar,;gam-gusaar
x,;gam-gusaarii,;gam-gusaarii
x,;gam-kadah,;gam-kadah
x,;gam-naak,;gam-naak
x,;gam-o-shaadii,;gam-o-shaadii|;gam|shaadii
x,;gamhaa-e,;gam
x,;gammaazii,;gammaazii
x,;gamzah,;gamzah
x,;gamzah-e,;gamzah
x,;gamzah-o-((ishvah-o-adaa,;gamzah-o-((ishvah-o-adaa|;gamzah|((ishvah|adaa
x,;gamze,;gamzah
x,;ganiimat,;ganiimat
x,;gara.z,;gara.z
x,;gariib,;gariib
x,;gariib-navaaz,;gariib-navaaz
x,;gariibaa;n,;gariibaan
x,;gariibii,;gariibii
x,;garq-e,;garq
x,;garqah-e,;garqah
x,;garrah-e,;garrah
x,;gash,;gash
x,;gayuur,;gayuur
x,;gazaal,;gazaal
x,;gazal,;gazal
x,;gazal-;xvaa;n,;gazal-;xvaan
x,;gazal-;xvaanii,;gazal-;xvaanii
x,;gazal-saraa,;gazal-saraa
x,;gubaar,;gubaar
x,;gubaar-e,;gubaar
x,;gulaam-e,;gulaam
x,;gunchah,;gunchah
x,;gunchah-e,;gunchah
x,;gunche,;gunchah
x,;gurbat,;gurbat
x,;guruur,;guruur
x,;guruur-e,;guruur
x,;gusl-e,;gusl
x,;ha.zrat,;ha.zrat
x,;ha.zrat-e,;ha.zrat
x,;ha:z:z-e,;ha:z:z
x,;ha;zar,;ha;zar
x,;haa))il,;haa))il
x,;haa.sil,;haa.sil
x,;haa.sil-e,;haa.sil
x,;haajaat,;haajaat
x,;haajat,;haajat
x,;haajat-e,;haajat
x,;haajat-mand,;haajat-mand
x,;haal,;haal
x,;haal-e,;haal
x,;haalaa;nkih,;haalaa;nkih
x,;haalat,;haalat
x,;habaab-e,;habaab
x,;had,;had
x,;hadii;s-e,;hadii;s
x,;haif,;haif
x,;hairaa;n,;hairaan
x,;hairaanii,;hairaanii
x,;hairat,;hairat
x,;hairat-e,;hairat
x,;hairat-kadah-e,;hairat-kadah
x,;haj,;haj
x,;hall-e,;hall
x,;halqah,;halqah
x,;halqah'haa-e,;halqah
x,;halqah-e,;halqah
x,;halqe,;halqah
x,;hammaam,;hammaam
x,;hamzah,;hamzah
x,;haq,;haq
x,;haq-e,;haqq
x,;haq-shinaas,;haq-shinaas
x,;haqiiqat,;haqiiqat
x,;haqiiqat-e,;haqiiqat
x,;haqq-e,;haqq
x,;haraam,;haraam
x,;harakat,;harakat
x,;haram,;haram
x,;harf,;harf
x,;harf-e,;harf
x,;harii.s-e,;harii.s
x,;hariif,;hariif
x,;hariif-e,;hariif
x,;hasad,;hasad
x,;hasb-e,;hasb
x,;hashr,;hashr
x,;hasrat,;hasrat
x,;hasrat-e,;hasrat
x,;hasrat-parast,;hasrat-parast
x,;hasrat-parast-e,;hasrat-parast
x,;hasrat-sanj,;hasrat-sanj
x,;hasrat-zadah,;hasrat-zadah
x,;hasrataa,;hasrat
x,;hasuud,;hasuud
x,;hau.slah,;hau.slah
x,;hau.sle,;hau.slah
x,;havaadi;s,;havaadi;s
x,;hayaa,;hayaa
x,;hayaat-e,;hayaat
x,;hayaat-o-band-e,;hayaat-o-band|;hayaat|band
x,;hazii;n,;hazii;n
x,;hiile,;hiilah
x,;hijaab,;hijaab
x,;hijaab-e,;hijaab
x,;hijaab-o-vidaa((-e,;hijaab-o-vidaa((|;hijaab|vidaa((
x,;hijr,;hijr
x,;hijraa;n,;hijraa;n
x,;hikaayaat-e,;hikaayaat
x,;hikaayat-e,;hikaayat
x,;hikmat,;hikmat
x,;hinaa,;hinaa
x,;hinaa))ii,;hinaa))ii
x,;hinaa-e,;hinaa
x,;hisaab,;hisaab
x,;hu.zuur,;hu.zuur
x,;hu.zuur-e,;hu.zuur
x,;hujjat,;hujjat
x,;hujrah,;hujrah
x,;hukm,;hukm
x,;husain,;husain
x,;husn,;husn
x,;husn-e,;husn
x,;husn-parastii,;husn-parastii
x,;huur,;huur
x,;huuraan-e,;huur
x,;huure;n,;huur
x,;saabit,;saabit
x,;saanii,;saanii
x,;sabaat,;sabaat
x,;savaab,;savaab
x,;savaab-e,;savaab
x,;taale;nge,;taalnaa
x,;tapaktaa,;tapaknaa
x,;tapaktii,;tapaknaa
x,;tapkaa,;tapaknaa
x,;tapkaane,;tapkaanaa
x,;tapke,;tapaknaa
x,;te;rhaa,;te;rhaa
x,;thaanii,;thaanii
x,;thahraa,;thahrnaa
x,;thahre;n,;thahrnaa
x,;than;daa,;than;daa
x,;tuk;raa,;tuk;raa
x,;tuu;t,;tuu;tnaa
x,;tuu;te,;tuu;tnaa
x,;xa:t,;xa:t:t
x,;xa:t-e,;xa:t:t
x,;xa:t:t-e,;xa:t:t
x,;xa:t:t-o-;xaal,;xa:t:t-o-;xaal|;xa:t:t|;xaal
x,;xa:taa,;xa:taa
x,;xa:tar,;xa:tar
x,;xaa.s,;xaa.s
x,;xaa:tir,;xaa:tir
x,;xaa:tir-e,;xaa:tir
x,;xaa;n,;xaa;n
x,;xaak,;xaak
x,;xaak-andaaz,;xaak-andaaz
x,;xaak-e,;xaak
x,;xaakistar-nishiinii,;xaakistar-nishiinii
x,;xaakistar-o-bulbul,;xaakistar-o-bulbul|;xaakistar|bulbul
x,;xaal-e,;xaal
x,;xaalii,;xaalii
x,;xaaliq-e,;xaaliq
x,;xaam,;xaam
x,;xaamah,;xaamah
x,;xaamah-e,;xaamah
x,;xaamah-farsaa,;xaamah-farsaa
x,;xaamosh,;xaamosh
x,;xaamoshii,;xaamoshii
x,;xaamushii,;xaamoshii
x,;xaan-maa;n,;xaan-maan
x,;xaan-maa;n-;xaraab,;xaan-maan-;xaraab
x,;xaanah-;xaraabii,;xaanah-;xaraabii
x,;xaanah-aaraa))ii,;xaanah-aaraa))ii
x,;xaanah-e,;xaanah
x,;xaanah-viiraa;n-saaz,;xaanah-viiraan-saaz
x,;xaanah-viiraa;n-saazii-e,;xaanah-viiraan-saazii
x,;xaanah-viiraanii,;xaanah-viiraanii
x,;xaanah-zaad-e,;xaanah-zaad
x,;xaanaqaah,;xaanaqaah
x,;xaar,;xaar
x,;xaar-;xaar-e,;xaar-;xaar
x,;xaar-e,;xaar
x,;xaaraa,;xaaraa
x,;xaashaak,;xaashaak
x,;xaatim-e,;xaatim
x,;xaatir-e,;xaatir
x,;xabar,;xabar
x,;xafaa,;xafaa
x,;xafaa))ii,;xafaa))ii
x,;xafaqaanii,;xafaqaanii
x,;xair,;xair
x,;xair-baad,;xair-baad
x,;xajaalat,;xajaalat
x,;xajlat-e,;xajlat
x,;xalal,;xalal
x,;xalish,;xalish
x,;xalish-e,;xalish
x,;xalq,;xalq
x,;xalvat,;xalvat
x,;xalvat-e,;xalvat
x,;xalvat-o-jalvat,;xalvat-o-jalvat|;xalvat|jalvat
x,;xam,;xam
x,;xam-e,;xam
x,;xamosh,;xaamosh
x,;xamoshii,;xaamoshii
x,;xamoshiyo;n,;xaamoshii
x,;xamyaazah,;xamyaazah
x,;xandah,;xandah
x,;xandah'haa-e,;xandah
x,;xandah-e,;xandah
x,;xanjar,;xanjar
x,;xanjar-aazmaa,;xanjar-aazmaa
x,;xaraab,;xaraab
x,;xaraab-e,;xaraab
x,;xaraabaat,;xaraabaat
x,;xaraabii,;xaraabii
x,;xaraash-e,;xaraash
x,;xariidaar,;xariidaar
x,;xariidaar-e,;xariidaar
x,;xas,;xas
x,;xas-e,;xas
x,;xas-o-;xaashaak,;xas-o-;xaashaak|;xas|;xaashaak
x,;xas-o-;xaashaak-e,;xas-o-;xaashaak|;xas|;xaashaak
x,;xastagii,;xastagii
x,;xastah,;xastah
x,;xastah-e,;xastah
x,;xastah-jaa;n,;xastah-jaa;n
x,;xastah-tan,;xastah-tan
x,;xatm,;xatm
x,;xauf,;xauf
x,;xauf-e,;xauf
x,;xayaabaa;n,;xayaabaan
x,;xayaal,;xayaal
x,;xayaal-e,;xayaal
x,;xayaalii,;xayaalii
x,;xeme,;xemah
x,;xi.zr,;xi.zr
x,;xi:t:tah-e,;xi:t:tah
x,;xiraam,;xiraam
x,;xiraam-e,;xiraam
x,;xirad,;xirad
x,;xirman,;xirman
x,;xirman-e,;xirman
x,;xirqah-o-sajjaadah,;xirqah-o-sajjaadah|;xirqah|sajjaadah
x,;xissat,;xissat
x,;xizaa;n,;xizaa;n
x,;xizaanii-e,;xizaanii
x,;xo,;xuu
x,;xudaa,;xudaa
x,;xudaa))ii,;xudaa))ii
x,;xudaa-parast,;xudaa-parast
x,;xudaa-saaz,;xudaa-saaz
x,;xudaavand-e,;xudaavand
x,;xuftah,;xuftah
x,;xuld,;xuld
x,;xum,;xum
x,;xum-e,;xum
x,;xum-kadah,;xum-kadah
x,;xumaar,;xumaar
x,;xumaar-e,;xumaar
x,;xushk,;xushk
x,;xusrau,;xusrau
x,;xusrav-e,;xusrau
x,;xuu,;xuu
x,;xuu-e,;xuu
x,;xuu-gar,;xuu-gar
x,;xuu-kardah-e,;xuu-kardah
x,;xuu;n,;xuun
x,;xuu;n-;galtiidah-e,;xuun-;galtiidah
x,;xuu;n-;galtiidan-e,;xuun-;galtiidan
x,;xuu;n-baar,;xuun-baar
x,;xuu;n-baar-e,;xuun-baar
x,;xuu;n-bahaa,;xuun-bahaa
x,;xuu;n-chakaa;n,;xuun-chakaan
x,;xuu;n-fishaa;n,;xuun-fishaan
x,;xuu;n-gashtah,;xuun-gashtah
x,;xuu;n-naab,;xuun-naab
x,;xuu;n-naabah,;xuun-naabah
x,;xuu;n-naabah-fishaa;n,;xuun-naabah-fishaan
x,;xuu;n-naabah-fishaanii,;xuun-naabah-fishaanii
x,;xuu;n-naabah-mashrab,;xuun-naabah-mashrab
x,;xuu;n-rez,;xuun-rez
x,;xuu;n-shudah-e,;xuun-shudah
x,;xuub,;xuub
x,;xuub-ruuyo;n,;xuub-ruu
x,;xuubaa;n,;xuubaan
x,;xuubaan-e,;xuubaan
x,;xuubii-e,;xuubii
x,;xuun-e,;xuun
x,;xuunii;n-navaa-e,;xuuniin-navaa
x,;xvaab,;xvaab
x,;xvaab-e,;xvaab
x,;xvaab-naak,;xvaab-naak
x,;xvaahish,;xvaahish
x,;xvaahishe;n,;xvaahish
x,;xvaarii,;xvaarii
x,;xvaastah,;xvaastah
x,;xvud,;xvud
x,;xvud-aaraa,;xvud-aaraa
x,;xvud-aaraa))ii,;xvud-aaraa))ii
x,;xvud-biin-o-;xvud-aaraa,;xvud-biin-o-;xvud-aaraa|;xvud-biin|;xvud-aaraa
x,;xvud-daarii-e,;xvud-daarii
x,;xvud-raftah-e,;xvud-raftah
x,;xvudaa,;xvudaa
x,;xvur,;xvur
x,;xvurshiid,;xvurshiid
x,;xvurshiid-e,;xvurshiid
x,;xvurshiid-jamaal,;xvurshiid-jamaal
x,;xvurshiid-o-maah,;xvurshiid-o-maah|;xvurshiid|maah
x,;xvush,;xvush
x,;xvush-;haal,;xvush-;haal
x,;xvush-navaayaan-e,;xvush-navaayaan
x,;xvush-o-naa-;xvush,;xvush-o-naa-;xvush|;xvush|naa-;xvush
x,;xvushaa,;xvushaa
x,;xvushaamad-:talabo;n,;xvushaamad-:talab
x,;xvushii,;xvushii
x,;xvushtar,;xvush
x,;zaat,;zaat
x,;zahn,;zahn
x,;zaliil,;zaliil
x,;zaraa,;zaraa
x,;zarii((ah-e,;zarii((ah
x,;zarrah,;zarrah
x,;zarrah-e,;zarrah
x,;zarre,;zarrah
x,;zauq,;zauq
x,;zauq-e,;zauq
x,;zauq-fizaa,;zauq-fizaa
x,;zikr,;zikr
x,;zillat,;zillat
x,;zimmah,;zimmah
x,a((.zaa,a((.zaa
x,a((:zam,a((:zam
x,a((maar,a((maar
x,a.sl,a.sl
x,a.sl-e,a.sl
x,a.snaam-e,a.snaam
x,a:tfaal,a:tfaal
x,a;gyaar,a;gyaar
x,a;hbaab,a;hbaab
x,a;hmaqo;n,a;hmaq
x,a;hraam,a;hraam
x,a;hvaal,a;hvaal
x,a;hvaal-e,a;hvaal
x,a;ndherii,a;ndherii
x,a;sar,a;sar
x,a;sar-e,a;sar
x,a;xtar,a;xtar
x,a;xtar-shumaarii,a;xtar-shumaarii
x,aa,aanaa
x,aa))e,aanaa
x,aa))e;n,aanaa
x,aa))e;nge,aanaa
x,aa))ii,aanaa
x,aa))iin-e,aa))iin
x,aa))iinah,aa))iinah
x,aa))iinah-;xaane,aa))iinah-;xaanah
x,aa))iinah-daarii,aa))iinah-daarii
x,aa))iinah-e,aa))iinah
x,aa))iine,aa))iinah
x,aa))inah,aa))iinah
x,aa))inah-;xaane,aa))iinah-;xaanah
x,aa))inah-daar,aa))iinah-daar
x,aa))inah-daarii-e,aa))iinah-daarii
x,aa))inah-e,aa))iinah
x,aa))inah-pardaaz,aa))iinah-pardaaz
x,aa))inah-siimaa,aa))iinah-siimaa
x,aa))ine,aa))iinah
x,aa))iyo,aanaa
x,aa))o,aanaa
x,aa))uu;n,aanaa
x,aa;gosh-e,aa;gosh
x,aa;gosh-kushaa,aa;gosh-kushaa
x,aa;gosh-kushaa))ii,aa;gosh-kushaa))ii
x,aa;nkh,aa;nkh
x,aa;nkhe;n,aa;nkh
x,aa;nkho;n,aa;nkh
x,aa;nsuu,aa;nsuu
x,aa;xir,aa;xir
x,aa;zar-fishaa;n,aa;zar-fishaa;n
x,aab,aab
x,aab-daar,aab-daar
x,aab-e,aab
x,aab-giinah,aab-giinah
x,aab-juu,aab-juu
x,aab-o-gil,aab-o-gil|aab|gil
x,aab-o-havaa,aab-o-havaa|aab|havaa
x,aab-o-havaa-e,aab-o-havaa|aab|havaa
x,aab-ruu,aab-ruu
x,aabaad,aabaad
x,aabaad-e,aabaad
x,aabaadii,aabaadii
x,aabilah-paa,aablah-paa
x,aabilo;n,aablah
x,aablah,aablah
x,aabruu,aabruu
x,aabruu-e,aabruu
x,aadam,aadam
x,aadmii,aadmii
x,aafaaq,aafaaq
x,aafat,aafat
x,aafat-e,aafat
x,aafiriinish,aafiriinish
x,aaftaab,aaftaab
x,aaftaab-e,aaftaab
x,aaftaab-parast,aaftaab-parast
x,aag,aag
x,aagahii,aagaahii
x,aage,aage
x,aah,aah
x,aah-e,aah
x,aah-o-faryaad,aah-o-faryaad|aah|faryaad
x,aah-o-fi;gaa;n,aah-o-fi;gaan|aah|fi;gaan
x,aahan,aahan
x,aahang-e,aahang
x,aahe;n,aah
x,aahuu,aahuu
x,aahuu-e,aahuu
x,aaj,aaj
x,aalaat-e,aalaat
x,aaluudah,aaluudah
x,aamad,aamad
x,aamad-aamad-e,aamad-aamad
x,aamad-e,aamad
x,aan,aan
x,aanaa,aanaa
x,aane,aanaa
x,aap,aap
x,aaraa))ish,aaraa))ish
x,aaraa))ish-e,aaraa))ish
x,aaraam,aaraam
x,aaramiidagii,aaramiidagii
x,aare,aare
x,aarzuu,aarzuu
x,aarzuu))e;n,aarzuu)
x,aarzuu-;xiraamii,aarzuu-;xiraamii
x,aarzuu-e,aarzuu
x,aas,aas
x,aasaa))ish,aasaa))ish
x,aasaa;n,aasaan
x,aashiyaa;n,aashiyaan
x,aashiyaan,aashiyaan
x,aashnaa,aashnaa
x,aashnaa))ii,aashnaa))ii
x,aashnaa-e,aashnaa
x,aashob-e,aashob
x,aashtii-e,aashtii
x,aashuftagii,aashuftagii
x,aashuftah-bayaanii,aashuftah-bayaanii
x,aashuftah-navaa,aashuftah-navaa
x,aashuftah-sar,aashuftah-sar
x,aashuftah-saro;n,aashuftah-sar
x,aasmaa;n,aasmaan
x,aasmaan,aasmaan
x,aasmaanii,aasmaanii
x,aastaa;n,aastaan
x,aastaan-e,aastaan
x,aastii;n,aastiin
x,aataa,aanaa
x,aate,aanaa
x,aatii,aanaa
x,aatish,aatish
x,aatish-afshaanii,aatish-afshaanii
x,aatish-baar,aatish-baar
x,aatish-diidah,aatish-diidah
x,aatish-e,aatish
x,aatish-kadah,aatish-kadah
x,aatish-nafas,aatish-nafas
x,aatish-parast,aatish-parast
x,aatish-zadah,aatish-zadah
x,aatishii;n,aatishiin
x,aavaaragii,aavaaragii
x,aavaaragiihaa-e,aavaaragii
x,aavaarah,aavaarah
x,aavaaz,aavaaz
x,aave,aavnaa
x,aave;n,aavnaa
x,aave;nge,aavnaa
x,aayaa,aanaa
x,aaye,aanaa
x,aazaad,aazaad
x,aazaadah-o-;xvud-bii;n,aazaadah-o-;xvud-biin|aazaadah|;xvud-biin
x,aazaadii,aazaadii
x,aazaadii-e,aazaadii
x,aazaado;n,aazaad
x,aazaar,aazaar
x,aazaar-e,aazaar
x,aazmaa))e,aazmaanaa
x,aazmaa))ish,aazmaa))ish
x,aazmaanaa,aazmaanaa
x,aazmaane,aazmaanaa
x,aazurdagii-e,aazurdagii
x,aazurdah,aazurdah
x,ab,ab
x,abhii,abhii
x,abjad,abjad
x,abnaa-e,abnaa
x,abr,abr
x,abr-e,abr
x,abr-o-baad,abr-o-baad|abr|baad
x,abr-o-shab-e,abr-o-shab|abr|shab
x,abruu,abruu
x,achchhaa,achchhaa
x,achchhe,achchhaa
x,achchho;n,achchhaa
x,adaa,adaa
x,adaa-e,adaa
x,adab,adab
x,af((ii,af((ii
x,afgaar,afgaar
x,afsaanah,afsaanah
x,afshardah-e,afshardah
x,afshurdan,afshurdan
x,afsos,afsos
x,afsurdagii,afsurdagii
x,afsurdagii-e,afsurdagii
x,afsurdah,afsurdah
x,afsuun-e,afsuun
x,afsuus,afsos
x,afzaa))ish-e,afzaa))ish
x,agar,agar
x,agarchih,agarchih
x,agle,aglaa
x,aham,aham
x,ahl-e,ahl
x,aisaa,aisaa
x,aise,aisaa
x,aisii,aisaa
x,ajzaa,ajzaa
x,ajzaa-e,ajzaa
x,ak;sar,ak;sar
x,akbar,akbar
x,al-amaa;n,al-amaan
x,al-l;aah,al-l;aah
x,alam,alam
x,alam-e,alam
x,alif,alif
x,almaas,almaas
x,amaa;n,amaan
x,amn,amn
x,anaa-al-ba;hr,anaa-al-ba;hr
x,andaaz,andaaz
x,andaaz-e,andaaz
x,andaaz-o-adaa,andaaz-o-adaa|andaaz|adaa
x,andaazah-e,andaazah
x,andaaze,andaazah
x,andar,andar
x,andeshah,andeshah
x,andeshah'haa-e,andeshah
x,andeshe,andeshah
x,andher,andher
x,andoh-e,andoh
x,andoh-rubaa,andoh-rubaa
x,angez,angez
x,angusht,angusht
x,angusht-e,angusht
x,anguur,anguur
x,anjaam-e,anjaam
x,anjum-e,anjum
x,anjuman,anjuman
x,anjuman-e,anjuman
x,apnaa,apnaa
x,apnaa-saa,apnaa
x,apne,apnaa
x,apnii,apnaa
x,arbaab-e,arbaab
x,armaan,armaan
x,armu;gaa;n,armu;gaa;n
x,arzaa;n,arzaa;n
x,arzaanii,arzaanii
x,arzaanii-e,arzaanii
x,asaamii,asaamii
x,asad,asad
x,asad-e,asad
x,asad-ul-l;aah,asad-ul-l;aah
x,asbaab-e,asbaab
x,ash((aar,ash((aar
x,ashk,ashk
x,ashk-baarii,ashk-baarii
x,ashk-e,ashk
x,ashyaa,ashyaa
x,asiir,asiir
x,asiirii,asiirii
x,asiiro;n,asiir
x,au.zaa((-e,au.zaa((
x,auj,auj
x,auj-e,auj
x,aur,aur
x,auraaq-e,auraaq
x,aurang-e,aurang
x,auro;n,aur
x,ay,ay
x,ayaa;g,ayaa;g
x,ayyaam-e,ayyaam
x,az,az
x,az-baskih,az-baskih
x,az-dast-raftah,az-dast-raftah
x,azal,azal
x,ba((d,ba((d
x,ba((d-e,ba((d
x,ba((iid,ba((iid
x,ba:t-e,ba:t
x,ba;gair,ba;gair
x,ba;gair-e,ba;gair
x,ba;gal,ba;gal
x,ba;hr,ba;hr
x,ba;hr-e,ba;hr
x,ba;ndhaa,ba;ndhnaa
x,ba;ndhe,ba;ndhnaa
x,ba;rh,ba;rhnaa
x,ba;xsh,ba;xsh
x,ba;xshe,ba;xshnaa
x,ba;xt-e,ba;xt
x,ba;xyah,ba;xyah
x,ba;xyah-e,ba;xyah
x,ba;xye,ba;xyah
x,baa,baa
x,baa((i;s,baa((i;s
x,baa((i;s-e,baa((i;s
x,baa))i;s,baa))i;s
x,baa-ham-digar,baa-ham-digar
x,baa-vujuud-e,baa-vujuud
x,baa:til,baa:til
x,baa:tin,baa:tin
x,baa;g,baa;g
x,baa;g-baan,baa;g-baan
x,baa;g-baan-o-kaf-e,baa;g-baan-o-kaf|baa;g-baan|kaf
x,baa;g-baanii-e,baa;g-baanii
x,baa;g-e,baa;g
x,baa;ndh,baa;ndhnaa
x,baa;ndhaa,baa;ndhnaa
x,baa;ndhe,baa;ndhnaa
x,baa;ndhiye,baa;ndhnaa
x,baa;ndhte,baa;ndhnaa
x,baa;ng-e,baa;ng
x,baa;xtan,baa;xtan
x,baab,baab
x,baab-e,baab
x,baad,baad
x,baad-e,baad
x,baad-o-bah,baad-o-bah|baad|bah
x,baad-pemaa))ii,baad-pemaa))ii
x,baadah,baadah
x,baadah-;xvaar,baadah-;xvaar
x,baadah-aashaamii,baadah-aashaamii
x,baadah-e,baadah
x,baadah-noshii,baadah-noshii
x,baadah-noshii-e,baadah-noshii
x,baadah-o-saa;gar,baadah-o-saa;gar|baadah|saa;gar
x,baadbaan-e,baadbaan
x,baadshaah,baadshaah
x,baag,baag
x,baahar,baahar
x,baajaa,baajaa
x,baal-e,baal
x,baal-kushaa,baal-kushaa
x,baal-o-par,baal-o-par|baal|par
x,baalii;n,baaliin
x,baaliin-e,baaliin
x,baalish,baalish
x,baalish-e,baalish
x,baam,baam
x,baanii,baanii
x,baaqii,baaqii
x,baar,baar
x,baar-e,baar
x,baar-haa,baar
x,baarbud-e,baarbud
x,baare,baare
x,baarish,baarish
x,baat,baat
x,baate;n,baat
x,baato;n,baat
x,baavar,baavar
x,baavujuud-e,baavujuud
x,baaz,baaz
x,baaz-gasht,baaz-gasht
x,baazaar,baazaar
x,baazaar-e,baazaar
x,baaziichah-e,baaziichah
x,baazuu,baazuu
x,bachcho;n,bachchaa
x,bache;n,bachnaa
x,bachte,bachnaa
x,bad,bad
x,bad-((ahdii,bad-((ahdii
x,bad-;xuu,bad-;xuu
x,bad-;xuuyaa;n,bad-;xuu
x,bad-;xvaah,bad-;xvaah
x,bad-aamozii-e,bad-aamozii
x,bad-gumaa;n,bad-gumaan
x,bad-gumaanii,bad-gumaanii
x,bad-gumaanii-e,bad-gumaanii
x,bad-mast,bad-mast
x,bad-mastii-e,bad-mastii
x,bad-naam,bad-naam
x,bad-tar,bad-tar
x,badalne,badalnaa
x,badan,badan
x,badii,badii
x,badlaa,badlaa
x,badle,badlaa
x,badr,badr
x,bah,bah
x,bah-;zarrah,bah-;zarrah
x,bahaa))ii,bahaanaa
x,bahaa-e,bahaa
x,bahaadur-e,bahaadur
x,bahaanah-e,bahaanah
x,bahaane,bahaanah
x,bahaar,bahaar
x,bahaar-e,bahaar
x,bahaarii,bahaarii
x,baham,baham
x,bahne,bahnaa
x,bahr-e,bahr
x,bahraa,bahraa
x,bahtar,bahtar
x,bahut,bahut
x,bai.zah-aasaa,bai.zah-aasaa
x,bai.zah-e,bai.zah
x,bai;th,bai;thnaa
x,bai;thaa,bai;thnaa
x,bai;the,bai;thnaa
x,bai;the;n,bai;thnaa
x,bai;thiye,bai;thnaa
x,bai;thnaa,bai;thnaa
x,baidaa-e,baidaa
x,bairuun-e,bairuun
x,bajaa,bajaa
x,bajaa-e,bajaa
x,bak,baknaa
x,bal;gamii,bal;gamii
x,balaa,balaa
x,balaa))e;n,balaa
x,balaa))o;n,balaa
x,balaa-e,balaa
x,ban,ban'naa
x,ban'ne,ban'naa
x,banaa,ban'naa
x,banaa))e,banaanaa
x,banaa))o,banaanaa
x,banaat-ul-na((sh-e,banaat-ul-na((sh
x,banaayaa,banaanaa
x,band,band
x,band-e,band
x,band-o-bast,band-o-bast|band|bast
x,bandagii,bandagii
x,bandagii-e,bandagii
x,bandah-parvar,bandah-parvar
x,bane,ban'naa
x,bane;nge,ban'naa
x,banegii,ban'naa
x,banii,ban'naa
x,baniye,ban'naa
x,bante,ban'naa
x,bantii,ban'naa
x,baqaa,baqaa
x,bar,bar
x,bar-:taraf,bar-:taraf
x,bar-;xvurdaar-e,bar-;xvurdaar
x,bar-ham,bar-ham
x,bar-paa,bar-paa
x,bar-ruu-e,bar-ruu
x,bar-sabiil-e,bar-sabiil
x,baraa))e,baraa))e
x,baraa-e,baraa
x,baraabar,baraabar
x,baraat-e,baraat
x,barahman,barahman
x,barahnagii,barahnagii
x,baras,baras
x,barastii,barasnaa
x,bard-e,bard
x,barg-e,barg
x,barii;n,bariin
x,barjaa-maa;ndah,barjaa-maa;ndah
x,barq,barq
x,barq-;xiraam,barq-;xiraam
x,barq-e,barq
x,barsaat,barsaat
x,barsh-kaal,barsh-kaal
x,barshkaal-e,barsh-kaal
x,barso;n,baras
x,bas,bas
x,bashar,bashar
x,baskih,baskih
x,bastiyo;n,bastii
x,bataa,bataanaa
x,bataa))o,bataanaa
x,bataa))uu;n,bataanaa
x,batlaa,batlaanaa
x,batlaa))e;n,batlaanaa
x,batlaa))o,batlaanaa
x,bayaa;n,bayaan
x,bayaabaa;n,bayaabaan
x,bayaabaa;n-navard,bayaabaan-navard
x,bayaabaa;n-navard-e,bayaabaan-navard
x,bayaan,bayaan
x,bayaan-e,bayaan
x,bazm,bazm
x,bazm-aaraa))iyaa;n,bazm-aaraa))ii
x,bazm-e,bazm
x,be-((ishq,be-((ishq
x,be-.sadaa,be-.sadaa
x,be-.sarfah,be-.sarfah
x,be-:talab,be-:talab
x,be-;haa.sil,be-;haa.sil
x,be-;hau.slagii,be-;hau.slagii
x,be-;hijaab,be-;hijaab
x,be-;hijaab-e,be-;hijaab
x,be-;hijaabiyaa;n,be-;hijaabii
x,be-;his,be-;his
x,be-;xabar,be-;xabar
x,be-;xarosh,be-;xarosh
x,be-;xuun-e,be-;xuun
x,be-;xvaab,be-;xvaab
x,be-;xvaabii,be-;xvaabii
x,be-;xvudii,be-;xvudii
x,be-;xvudii-e,be-;xvudii
x,be-;xvudii-o-hushyaarii,be-;xvudii-o-hushyaarii|be-;xvudii|hushyaarii
x,be-;xvudo;n,be-;xvud
x,be-a;sar,be-a;sar
x,be-aabruu,be-aabruu
x,be-adabo;n,be-adab
x,be-ayyaam-e,be-ayyaam
x,be-baak,be-baak
x,be-bahrah,be-bahrah
x,be-bunyaad,be-bunyaad
x,be-chain,be-chain
x,be-daad,be-daad
x,be-daad-e,be-daad
x,be-daad-fan,be-daad-fan
x,be-dar,be-dar
x,be-dar-o-diivaar,be-dar-o-diivaar|be-dar|diivaar
x,be-darvaazah,be-darvaazah
x,be-dast-o-paa,be-dast-o-paa|be-dast|paa
x,be-dast-o-paa))ii,be-dast-o-paa))ii|be-dast|paa))ii
x,be-davaa,be-davaa
x,be-dilii,be-dilii
x,be-dimaa;g,be-dimaa;g
x,be-dimaa;gii,be-dimaa;gii
x,be-girah,be-girah
x,be-gunah,be-gunah
x,be-gunah-kush-o-;haq,be-gunah-kush-o-;haq|be-gunah-kush|;haq
x,be-havaa-e,be-havaa
x,be-i((tidaaliyo;n,be-i((tidaalii
x,be-i;xtiyaar,be-i;xtiyaar
x,be-i;xtiyaar-e,be-i;xtiyaar
x,be-iltifaatii,be-iltifaatii
x,be-jaa,be-jaa
x,be-jurm,be-jurm
x,be-ka;saafat,be-ka;saafat
x,be-kaarii-e,be-kaarii
x,be-kafan,be-kafan
x,be-karaa;n,be-karaan
x,be-mai,be-mai
x,be-mazaa,be-mazaa
x,be-mihr,be-mihr
x,be-mihrii-e,be-mihrii
x,be-minnat-e,be-minnat
x,be-mu;haabaa,be-mu;haabaa
x,be-mudda((aa,be-mudda((aa
x,be-nang-o-naam,be-nang-o-naam|be-nang|naam
x,be-niyaazii,be-niyaazii
x,be-panaah,be-panaah
x,be-par-o-baalii,be-par-o-baalii|be-par|baalii
x,be-pardah,be-pardah
x,be-partav-e,be-partav
x,be-parvaa,be-parvaa
x,be-qaraar,be-qaraar
x,be-qaraarii,be-qaraarii
x,be-rab:tii-e,be-rab:tii
x,be-raunaqii,be-raunaqii
x,be-raunaqii-e,be-raunaqii
x,be-sabab,be-sabab
x,be-sar-o-paa,be-sar-o-paa|sar-o-paa|sar|paa
x,be-savaal,be-savaal
x,be-shaanah-e,be-shaanah
x,be-sham((a,be-sham((a
x,be-sharaab-o-dil-e,be-sharaab-o-dil|be-sharaab|dil
x,be-shiiraazah,be-shiiraazah
x,be-taabii,be-taabii
x,be-takalluf,be-takalluf
x,be-vafaa,be-vafaa
x,be-vafaa))ii,be-vafaa))ii
x,be-zaar,be-zaar
x,be-zabaa;n,be-zabaan
x,be-zabaanii,be-zabaanii
x,be-zabaano;n,be-zabaan
x,bebaakii-o-gustaa;xii,be-baakii-o-gustaa;xii|be-baakii|gustaa;xii
x,bed,bed
x,bedaad,be-daad
x,bedaad-e,be-daad
x,bedaad-gar,be-daad-gar
x,bedaar-e,be-daar
x,bedard,be-dard
x,bedil,be-dil
x,begaanagii,be-gaanagii
x,begaanagii-e,be-gaanagii
x,begaanah-e,be-gaanah
x,bekaar,be-kaar
x,bekasii,be-kasii
x,bekasii-e,be-kasii
x,bekasii-haa-e,be-kasii
x,beqaraarii,be-qaraarii
x,berab:tii-e,be-rab:tii
x,besh,besh
x,betaab,be-taab
x,betaabii,be-taab
x,bevafaa,be-vafaa
x,bhaa))ii,bhaa))ii
x,bhaagaa,bhaagnaa
x,bhaage,bhaagnaa
x,bhaage;nge,bhaagnaa
x,bhaagne,bhaagnaa
x,bhalaa,bhalaa
x,bhale,bhalaa
x,bhar,bhar|bharnaa
x,bharam,bharam
x,bhare,bharnaa
x,bharne,bharnaa
x,bharuu;n,bharnaa
x,bhed,bhed
x,bhes,bhes
x,bhii,bhii
x,bho;n,bho;n
x,bhuuke,bhuukaa
x,bhuul,bhuulnaa
x,bhuulaa,bhuulnaa
x,bhuule,bhuulnaa
x,bichhaa))e,bichhaanaa
x,biga;r,biga;rnaa
x,biga;rnaa,biga;rnaa
x,biga;rtaa,biga;rnaa
x,bihisht,bihisht
x,bihisht-shamaa))il,bihisht-shamaa))il
x,biim,biim
x,biim-e,biim
x,biimaar,biimaar
x,biimaar-daar,biimaar-daar
x,biimaar-e,biimaar
x,biimaarii-e,biimaarii
x,biinaa,biinaa
x,biinaa))ii,biinaa))ii
x,biinish,biinish
x,bijlii,bijlii
x,bik,biknaa
x,bikhar,bikharnaa
x,bin,bin
x,binaa-e,binaa
x,bisaa:t,bisaa:t
x,bisaa:t-e,bisaa:t
x,bismil,bismil
x,bistar,bistar
x,bistar-e,bismilstar
x,bo,buu
x,bodaa,bodaa
x,bojh,bojh
x,bolaa,bolnaa
x,bole,bolnaa
x,boriyaa,boriyaa
x,bos-e,bos
x,bosah,bosah
x,bose,bosah
x,bote,bonaa
x,bove,bonaa
x,bu((d,bu((d
x,bujhaa,bujhnaa
x,bujhaa))e,bujhaanaa
x,bujhte,bujhnaa
x,bujhtii,bujhnaa
x,bulaa,bulaanaa
x,bulaa))e,bulaanaa
x,bulaataa,bulaanaa
x,bulandii,bulandii
x,bulbul,bulbul
x,bulbul-e,bulbul
x,bulbule;n,bulbul
x,bun-e,bun
x,buraa,buraa
x,buraa))ii,buraa))ii
x,burdah,burdah
x,burdan-e,burdan
x,burii,buraa
x,burrish-e,burrish
x,bustaanii,bustaanii
x,but,but
x,but-;xaanah,but-;xaanah
x,but-;xaane,but-;xaanah
x,but-e,but
x,but-kade,but-kadah
x,but-shikanii,but-shikanii
x,butaa;n,but
x,buto;n,but
x,buu,buu
x,buu-e,buu
x,buu-turaab,buu-turaab
x,buu-ul-havas,buu-ul-havas
x,buu;nd,buu;nd
x,buud,buud
x,buud-e,buud
x,buzurg,buzurg
x,cha;rh,cha;rh
x,cha;rhii,cha;rhnaa
x,cha;taknaa,cha;taknaa
x,chaah,chaah
x,chaahaa,chaahnaa
x,chaahe,chaahe
x,chaahe;n,chaahnaa
x,chaahiye,chaahiye
x,chaahne,chaahnaa
x,chaahne-vaalaa,chaahne-vaalaa
x,chaaho,chaahnaa
x,chaahtaa,chaahnaa
x,chaahte,chaahnaa
x,chaahuu;n,chaahnaa
x,chaak,chaak
x,chaak-e,chaak
x,chaal,chaal
x,chaalaak,chaalaak
x,chaar,chaar
x,chaar-duham,chaar-duham
x,chaar-mauj,chaar-mauj
x,chaarah-e,chaarah
x,chaarah-gar,chaarah-gar
x,chaarah-juu))ii,chaarah-juu))ii
x,chaarah-saaz,chaarah-saaz
x,chaarah-saazii-e,chaarah-saazii
x,chahrah,chahrah
x,chahre,chahrah
x,chain,chain
x,chakiidan,chakiidan
x,chakkar,chakkar
x,chal,chalnaa
x,chalaa,chalnaa
x,chale,chalnaa
x,chale;n,chalnaa
x,chalii,chalnaa
x,chalne,chalnaa
x,chaltaa,chalnaa
x,chaltii,chalnaa
x,chaman,chaman
x,chaman-:taraazii-e,chaman-:taraazii
x,chaman-o-;xuubii-e,chaman-o-;xuubii|chaman|;xuubii
x,chand,chand
x,chande,chande
x,chang,chang
x,chang-o-rabaab,chang-o-rabaab|chang|rabaab
x,char;x,char;x
x,char;x-e,char;x
x,charchaa,charchaa
x,chashm,chashm
x,chashm-e,chashm
x,chashm-numaa))ii,chashm-numaa))ii
x,chashm-o-chiraa;g-e,chashm-o-chiraa;g|chashm|chiraa;g
x,chashm-o-gosh,chashm-o-gosh|chashm|gosh
x,chashmak'haa-e,chashmak
x,chashmhaa-e,chashm
x,chhalle,chhallaa
x,chhe;r,chhe;rnaa
x,chhe;re,chhe;rnaa
x,chhe;re;nge,chhe;rnaa
x,chhe;riye,chhe;rnaa
x,chhe;ruu;n,chhe;rnaa
x,chhi;rkaa,chhi;raknaa
x,chhi;rke,chhi;raknaa
x,chhi;rke;n,chhi;raknaa
x,chhide,chhidnaa
x,chho;r,chho;rnaa
x,chho;raa,chho;rnaa
x,chho;re,chho;rnaa
x,chho;re;n,chho;rnaa
x,chho;re;nge,chho;rnaa
x,chho;rii,chho;rnaa
x,chho;ro,chho;rnaa
x,chho;ruu;ngaa,chho;rnaa
x,chhu;t,chhu;tnaa
x,chhu;taa,chhu;tnaa
x,chhu;tii,chhu;tnaa
x,chhupaa))e,chhupaanaa
x,chhupaanaa,chhupaanaa
x,chhupaane,chhupaanaa
x,chhupnaa,chhupnaa
x,chhurii,chhurii
x,chhuu;taa,chhuu;tnaa
x,chhuu;tuu;n,chhuu;tnaa
x,chii;xuu;n,chii;xnaa
x,chiin-e,chiin
x,chiir,chiirnaa
x,chiiz,chiiz
x,chipak,chipaknaa
x,chiraa;g,chiraa;g
x,chiraa;g-e,chiraa;g
x,chiraa;gaa;n,chiraa;g
x,chiraa;gaan-e,chiraa;g
x,chor,chor
x,chorii,chorii
x,chubho,chubhnaa
x,chuke,chuknaa
x,chukii;n,chuknaa
x,chuntaa,chun'naa
x,chup,chupnaa
x,chupke,chupnaa
x,churaanaa,churaanaa
x,da((v;aa,da((v;aa
x,da((v;aa-e,da((v;aa
x,da((vaa-e,da((vaa
x,da((vat-e,da((vat
x,da((ve,da((vah
x,daa))im,daa))im
x,daa))im-ul-;habs,daa))im-ul-;habs
x,daa;g,daa;g
x,daa;g-e,daa;g
x,daa;g-saamaa;n,daa;g-saamaan
x,daa;go;n,daa;g
x,daa;nto;n,daa;nt
x,daab,daabnaa
x,daabte,daabnaa
x,daad,daad
x,daad-;xvaah,daad-;xvaah
x,daad-o-sitad,daad-o-sitad|daad|sitad
x,daadah,daadah
x,daam,daam
x,daam-e,daam
x,daam-gaah,daam-gaah
x,daamaa;n,daaman
x,daamaan-e,daaman
x,daaman,daaman
x,daaman-afshaanii,daaman-afshaanii
x,daaman-o-taar-e,daaman-o-taar|daaman|taar
x,daanaa,daanaa
x,daanah,daanah
x,daar-o-rasan,daar-o-rasan|daar|rasan
x,daastaan-e,daastaan
x,dab,dabnaa
x,dabaa,dabnaa
x,dabii,dabnaa
x,dabistaa;n,dabistaan
x,daf((-e,daf((
x,dafiinah,dafiinah
x,dafn,dafn
x,daftar,daftar
x,daftar-e,daftar
x,dahaa;n,dahaan
x,dahaan-e,dahaan
x,dahan,dahan
x,dahan-e,dahan
x,dahr,dahr
x,dai,dai
x,dair,dair
x,daliil,daliil
x,daliil-e,daliil
x,dallaal-e,dallaal
x,dam,dam
x,dam-e,dam
x,dandaa;n,dandaan
x,dandaa;n-numaa,dandaan-numaa
x,dar,dar
x,dar-;xvur,dar-;xvur
x,dar-;xvur-e,dar-;xvur
x,dar-e,dar
x,dar-havaa-e,dar-havaa
x,dar-kaar,dar-kaar
x,dar-maa;ndagii,dar-maa;ndagii
x,dar-o-diivaar,dar-o-diivaar|dar|diivaar
x,dar-o-diivaar-e,dar-o-diivaar|dar|diivaar
x,dar-pa-e,dar-pai
x,dar-pardah,dar-pardah
x,dar-qafaa-e,dar-qafaa
x,dar-tishnagii-murdagaa;n,dar-tishnagii-murdah
x,dara;xshaa;n,dara;xshaan
x,daraaz,daraaz
x,daraaz-dastii-e,daraaz-dastii
x,daraazii,daraazii
x,darbaa;n,darbaan
x,darbaanii,darbaanii
x,dard,dard
x,dard-e,dard
x,dard-mand,dard-mand
x,dard-o-alam,dard-o-alam|dard|alam
x,dare;g,dare;g
x,dare;gaa,dare;gaa
x,darmaa;ndagii,darmaa;ndagii
x,darmiyaa;n,darmiyaan
x,dars-e,dars
x,daruu;n,daruun
x,darvaazah,darvaazah
x,darvesh,darvesh
x,daryaa,daryaa
x,daryaa-aashnaa,daryaa-aashnaa
x,daryaa-e,daryaa
x,dashnah,dashnah
x,dashnah-e,dashnah
x,dashnah-o-;xanjar,dashnah-o-;xanjar|dashnah|;xanjar
x,dashne,dashnah
x,dasht,dasht
x,dasht-e,dasht
x,dasht-navardii,dasht-navardii
x,dast,dast
x,dast-e,dast
x,dast-gaah-e,dast-gaah
x,dast-gardaa;n,dast-gardaan
x,dast-giirii,dast-giirii
x,dast-o-;xanjar-e,dast-o-;xanjar|dast|;xanjar
x,dast-o-baazuu,dast-o-baazuu|dast|baazuu
x,dast-o-paa,dast-o-paa|dast|paa
x,dastaar,dastaar
x,dau;raa))e,dau;raanaa
x,dau;re,dau;rnaa
x,dau;rte,dau;rnaa
x,daulat-o-dii;n,daulat-o-diin|daulat|diin
x,daur,daur
x,daur-e,daur
x,davaa,davaa
x,davaam,davaam
x,de,denaa
x,de;n,denaa
x,de;nge,denaa
x,dekh,dekhnaa
x,dekhaa,dekhnaa
x,dekhe,dekhnaa
x,dekhe;n,dekhnaa
x,dekhii,dekhnaa
x,dekhiye,dekhnaa
x,dekhnaa,dekhnaa
x,dekhne,dekhnaa
x,dekho,dekhnaa
x,dekhtaa,dekhnaa
x,dekhte,dekhnaa
x,dekhuu;n,dekhnaa
x,denaa,denaa
x,dene,denaa
x,denii,denaa
x,detaa,denaa
x,dete,denaa
x,dhabbe,dhabbah
x,dhamkii,dhamkii
x,dharaa,dharnaa
x,dhaul-dhappaa,dhaul-dhappaa
x,dho,dhonaa
x,dho))e,dhonaa
x,dhokaa,dhokaa
x,dhoke,dhokaa
x,dhotaa,dhonaa
x,dhuvaa;n,dhuvaan
x,digar,diigar
x,dihqaa;n,dihqaan
x,dii,denaa
x,dii;n-daar,diin-daar
x,diid,diid
x,diidaar,diidaar
x,diidaar-e,diidaar
x,diidaar-jo,diidaar-jo
x,diidah,diidah
x,diidah-e,diidah
x,diidah-o-dil,diidah-o-dil|diidah|dil
x,diigar,diigar
x,diije,denaa
x,diijiye,denaa
x,diijiyo,denaa
x,diin-o-dil,diin-o-dil|diin|dil
x,diivaan-e,diivaan
x,diivaanagii,diivaanagii
x,diivaanagii-e,diivaanagii
x,diivaanah,diivaanah
x,diivaar,diivaar
x,diivaar-e,diivaar
x,diivaar-juu,diivaar-juu
x,diivaar-o-dar,diivaar-o-dar|diivaar|dar
x,diivaaro;n,diivaar
x,dijlah,dijlah
x,dikhaa,dikhaanaa
x,dikhaa))e;n,dikhaanaa
x,dikhaa))ii,dikhaa))ii
x,dikhaa))uu;ngaa,dikhaanaa
x,dikhaataa,dikhaanaa
x,dikhlaa,dikhlaanaa
x,dikhlaa))e;n,dikhlaana
x,dikhlaave,dikhlaavnaa
x,dil,dil
x,dil'haa-e,dil
x,dil-aashuftagaa;n,dil-aashuftagaan
x,dil-aazaar,dil-aazaar
x,dil-aazurdagaa;n,dil-aazurdagaan
x,dil-barii,dil-barii
x,dil-bastagii,dil-bastagii
x,dil-daar,dil-daar
x,dil-e,dil
x,dil-farebii-e,dil-farebii
x,dil-furoz,dil-furoz
x,dil-jam((ii,dil-jam((ii
x,dil-kash,dil-kash
x,dil-kushaa,dil-kushaa
x,dil-lagii,dil-lagii
x,dil-o-chashm-e,dil-o-chashm|dil|chashm
x,dil-o-dast-e,dil-o-dast|dil|dast
x,dil-o-dii;n,dil-o-diin|dil|diin
x,dil-o-diidah,dil-o-diidah|dil|diidah
x,dil-o-dil,dil-o-dil|dil|dil
x,dil-o-jaa;n,dil-o-jaan|dil|jaan
x,dil-o-jigar,dil-o-jigar|dil|jigar
x,dil-o-mizhgaa;n,dil-o-mizhgaan|dil|mizhgaan
x,dil-pa;ziir,dil-pa;ziir
x,dil-sitaa;n,dil-sitaan
x,dil-sitaanii,dil-sitaanii
x,dilaa,dilaanaa
x,dilbar,dilbar
x,dilbaraa;n,dilbar
x,dildaar,dildaar
x,dillagii,dil-lagii
x,dillii,dillii
x,dimaa;g,dimaa;g
x,dimaa;g-e,dimaa;g
x,din,din
x,dino;n,din
x,diyaa,denaa
x,diyaar-e,diyaar
x,diye,denaa
x,do,denaa
x,do-((aalam,do-((aalam
x,do-((aalam-dasht,do-((aalam-dasht
x,do-dam,do-dam
x,do-niim,do-niim
x,dono;n,dono;n
x,dosh,dosh
x,doshiinah,doshiinah
x,dost,dost
x,dost-daar-e,dost-daar
x,dost-daarii,dost-daarii
x,dostii,dostii
x,doza;x,doza;x
x,du((aa,du((aa
x,du((aa))e;n,du((aa
x,dukaan-e,dukaan
x,dukh,dukh
x,dukhte,dukhnaa
x,dunyaa,dunyaa
x,durd-e,durd
x,durdii-kash-e,durdii-kash
x,durust,durust
x,dushman,dushman
x,dushman-e,dushman
x,dushmanii,dushmanii
x,dushnaam,dushnaam
x,dushvaar,dushvaar
x,dushvaar-pasand,dushvaar-pasand
x,dushvaarii-e,dushvaarii
x,duu))ii,duu))ii
x,duu;n,denaa
x,duud,duud
x,duud-e,duud
x,duunaa,duunaa
x,duur,duur
x,duur-daraaz,duur-daraaz
x,duurii-e,duurii
x,ek,ek
x,ek-saa,ek-saa
x,fa.sl,fa.sl
x,fa.sl-e,fa.sl
x,fa.zaa-e,fa.zaa
x,faa))idah,faa))idah
x,faanuus,faanuus
x,faaqah-mastii,faaqah-mastii
x,faari;g,faari;g
x,faarsii,faarsii
x,fai.z,fai.z
x,fai.z-e,fai.z
x,falak,falak
x,falak-e,falak
x,fanaa,fanaa
x,fanaa-ta((liim-e,fanaa-ta((liim
x,faqa:t,faqa:t
x,faqiiro;n,faqiir
x,far.z,far.z
x,faraa;g,faraa;g
x,faraa;gat,faraa;gat
x,faraaham,faraaham
x,fard,fard
x,fard-e,fard
x,fardaa-o-dii,fardaa-o-dii|fardaa|dii
x,fareb,fareb
x,fareb-e,fareb
x,farhaad,farhaad
x,fariiduun-o-jam-o-kai;xusrav-o-daaraab-o-bahman,fariiduun-o-jam-o-kai;xusrav-o-daaraab-o-bahman|fariiduun|jam|kai;xusrav|daaraab|bahman
x,farishtah,farishtah
x,farishto;n,farishtah
x,farmaa))o,farmaanaa
x,farmaa;n-ravaa-e,farmaan-ravaa
x,farmaatii,farmaanaa
x,farmaave;nge,farmaavnaa
x,faro,faro
x,farq,farq
x,farq-e,farq
x,farsh,farsh
x,farsh-e,farsh
x,faryaad,faryaad
x,faryaad-e,faryaad
x,faryaad-o-aah-o-zaarii,faryaad-o-aah-o-zaarii|faryaad|aah|zaarii
x,faryaadii,faryaadii
x,faryaadii-e,faryaadii
x,fasaa;n,fasaan
x,fasaanah-;xvaanii-e,fasaanah-;xvaanii
x,fashaar-e,fashaar
x,fat;h,fat;h
x,fatiilah,fatiilah
x,faujdaarii,faujdaarii
x,faut-e,faut
x,fi;gaa;n,fi;gaan
x,fidaa,fidaa
x,figaar,figaar
x,fikr,fikr
x,fikr-e,fikr
x,firaaq,firaaq
x,firaaq-e,firaaq
x,firdaus-e,firdaus
x,fitnah,fitnah
x,fitnah-;xuu,fitnah-;xuu
x,fitnah-e,fitnah
x,fitnah-o-fasaad,fitnah-o-fasaad|fitnah|fasaad
x,fitne,fitnah
x,fitno;n,fitnah
x,fitraak,fitraak
x,fu.zuul-o-jur))at-e,fu.zuul-o-jur))at|fu.zuul|jur))at
x,fur.sat,fur.sat
x,fur.sat-e,fur.sat
x,furo;g,furo;g
x,furo;g-e,furo;g
x,furozaa;n,furozaan
x,furqat,furqat
x,furuu((,furuu((
x,fusurdagii,fusurdagii
x,fusuu;n-gar,fusuun-gar
x,fusuun-e,fusuun
x,ga))e,jaanaa
x,ga))ii,jaanaa
x,ga))ii;n,jaanaa
x,ga;nvaa,ga;nvaanaa
x,gaa;rho,gaa;rhnaa
x,gaaliyaa;n,gaalii
x,gaaliyo;n,gaalii
x,gadaa,gadaa
x,gadaa))ii,gadaa))ii
x,gadaa-e,gadaa
x,gah-o-be-gah,gaah-o-be-gaah|gaah|be-gaah
x,gahvaarah-junbaanii,gahvaarah-junbaanii
x,galii,galii
x,galyo;n,galii
x,ganj'haa-e,ganj
x,ganjifah-baaz-e,ganjifah-baaz
x,ganjiinah-e,ganjiinah
x,gar,gar
x,garchih,garchih
x,gard,gard
x,gard-e,gard
x,gardan,gardan
x,gardan-e,gardan
x,gardish,gardish
x,gardish-e,gardish
x,garduu;n,garduun
x,garebaa;n,garebaan
x,garebaanii,garebaanii
x,garm,garm
x,garm-baazaar-e,garm-baazaar
x,garm-e,garm
x,garmii,garmii
x,garmii-e,garmii
x,gau;n,gau;n
x,gauhar,gauhar
x,gauhar-e,gauhar
x,gauhar-farosh,gauhar-farosh
x,gavaah,gavaah
x,gavaah-e,gavaah
x,gavaaraa,gavaaraa
x,gayaa,jaanaa
x,gaye,jaanaa
x,gaz,gaz
x,ghaas,ghaas
x,ghabraa,ghabraanaa
x,ghabraa))e;n,ghabraanaa
x,ghabraa))egaa,ghabraanaa
x,ghabraave;nge,ghabraanaa
x,ghar,ghar
x,ghisegaa,ghisnaa
x,ghisne,ghisnaa
x,ghistaa,ghisnaa
x,ghiste,ghisnaa
x,giiraa))ii,giiraa))ii
x,giitii,giitii
x,gilaa,gilaa
x,gilah,gilah
x,gir,girnaa
x,giraa,girnaa
x,giraa;n,giraan
x,giraa;n-baarii-e,giraan-baarii
x,giraa;n-jaanii,giraan-jaanii
x,giraa;n-maayagii-e,giraan-maayagii
x,giraa;n-maayah,giraan-maayah
x,giraa;n-nishii;n,giraan-nishiin
x,giraanii,giraanii
x,girah,girah
x,girah-e,girah
x,girah-kushaa,girah-kushaa
x,gird-baad-e,gird-baad
x,girdaab,girdaab
x,giriftaar,giriftaar
x,giriftaar-e,giriftaar
x,giriftaarii,giriftaarii
x,giriftaarii-e,giriftaarii
x,girii,girnaa
x,girnii,girnaa
x,girtaa,girnaa
x,giryah,giryah
x,giryah-e,giryah
x,giryah-o-lab,giryah-o-lab|giryah|lab
x,girye,giryah
x,giyaah,giyaah
x,go,go
x,gomago,gomago
x,gor,gor
x,gor-e,gor
x,gosh,gosh
x,gosh-e,gosh
x,goshah-e,goshah
x,goshe,goshah
x,gosht,gosht
x,goyaa,goyaa
x,gudaa;xtah,gudaa;xtah
x,guftaar,guftaar
x,guftaar-e,guftaar
x,guftago,guftaguu
x,guftaguu,guftaguu
x,guftah-e,guftah
x,guhar,guhar
x,guhar-baar,guhar-baar
x,guharhaa-e,guhar
x,gul,gul
x,gul'haa-e,gul
x,gul-afshaanii-e,gul-afshaanii
x,gul-baaz,gul-baaz
x,gul-chii;n,gul-chiin
x,gul-chiin,gul-chiin
x,gul-chiin-e,gul-chiin
x,gul-dastah-e,gul-dastah
x,gul-e,gul
x,gul-faam-e,gul-faam
x,gul-farosh,gul-farosh
x,gul-farosh-e,gul-farosh
x,gul-fishaanii,gul-fishaanii
x,gul-fishaaniihaa-e,gul-fishaanii
x,gul-katar,gul-katar
x,gul-o-laalah,gul-o-laalah|gul|laalah
x,gul;xan,gul-;xan
x,gulbaa;ng-e,gul-baa;ng
x,guldastah,gul-dastah
x,gulfaam,gul-faam
x,gulhaa-e,gul
x,gulistaa;n,gulistaan
x,gulistaan-e,gulistaan
x,gulshan,gul-shan
x,gulsitaa;n,gulistaan
x,guluu,guluu
x,gulzaar,gul-zaar
x,gum,gum
x,gum-gashtah,gum-gashtah
x,gumaa;n,gumaan
x,gumaan,gumaan
x,gumaan-e,gumaan
x,gunaah,gunaah
x,gunaahgaar,gunaahgaar
x,gunaaho;n,gunaah
x,gunah,gunaah
x,gunbad-e,gunbad
x,gunjaa))ish,gunjaa))ish
x,gunjaa))ish-e,gunjaa))ish
x,gurez-paa,gurez-paa
x,gurezaa;n,gurezaan
x,gustaa;x,gustaa;x
x,gustaa;xii,gustaa;xii
x,gustaa;xii-e,gustaa;xii
x,guunah,guunah
x,guzaaraa,guzaaraa
x,guzar,guzar|guzarnaa
x,guzar-gaah-e,guzar-gaah
x,guzarnaa,guzarnaa
x,guzartaa,guzarnaa
x,guzarte,guzarnaa
x,guzartii,guzarnaa
x,guzashtah,guzashtah
x,guzraa,guzarnaa
x,guzre,guzarnaa
x,guzrii,guzarnaa
x,ha;ns,ha;nsnaa
x,ha;nsii,ha;nsnaa
x,haa))e,haa))e
x,haa;n,haa;n
x,haath,haath
x,haatho;n,haath
x,haay,haa))e
x,hadaf-e,hadaf
x,hadyah,hadyah
x,haft,haft
x,hai,honaa
x,hai;n,honaa
x,haihaat,haihaat
x,hajr,hajr
x,hal-min-maziid,hal-min-maziid
x,halaak,halaak
x,halaak-e,halaak
x,ham,ham
x,ham-:tar;hii-o-dard-e,ham-:tar;hii-o-dard|ham-:tar;hii|dard
x,ham-aa;goshii,ham-aa;goshii
x,ham-damii,ham-damii
x,ham-diigar,ham-diigar
x,ham-naamii-e,ham-naamii
x,ham-nafaso;n,ham-nafas
x,ham-nishii;n,ham-nishiin
x,ham-peshah-o-ham-mashrab-o-ham-raaz,ham-peshah-o-ham-mashrab-o-ham-raaz|ham-peshah|ham-mashrab|ham-raaz
x,ham-rahaa;n,ham-raah
x,ham-saa,ham-saa
x,ham-saayah,ham-saayah
x,ham-saaye,ham-saayah
x,ham-safar,ham-safar
x,ham-su;xan,ham-su;xan
x,ham-zabaa;n,ham-zabaan
x,hamaaraa,hamaaraa
x,hamaare,hamaaraa
x,hamaarii,hamaaraa
x,hamah,hamah
x,hamdam,ham-dam
x,hame;n,ham
x,hameshah,hameshah
x,hamvaar,hamvaar
x,hangaam-e,hangaam
x,hangaamah,hangaamah
x,hangaamah-aaraa,hangaamah-aaraa
x,hangaamah-e,hangaamah
x,hangaame,hangaamah
x,hanuuz,hanuuz
x,har,har
x,har-chand,har-chand
x,harzah,harzah
x,hastii,hastii
x,hastii-e,hastii
x,hathka;n;de,hath-ka;n;daa
x,haul-e,haul
x,havaa,havaa
x,havaa-;xvaah,havaa-;xvaah
x,havaa-;xvaahii,havaa-;xvaahii
x,havaa-e,havaa
x,havas,havas
x,havas-e,havas
x,hay,hay
x,hayuul;aa,hayuul;aa
x,hazaar,hazaar
x,hazaaro;n,hazaar
x,hech-madaanii,hech-madaanii
x,hii,hii
x,hijr,hijr
x,hijr-e,hijr
x,hijraa;n,hijraan
x,hilaal,hilaal
x,hilte,hilnaa
x,himmat,himmat
x,himmat-e,himmat
x,hinduustaan,hinduustaan
x,ho,honaa
x,ho;n,honaa
x,ho;ngii,honaa
x,hogaa,honaa
x,hogii,honaa
x,honaa,honaa
x,hone,honaa
x,hosh,hosh
x,hoshyaarii,hoshyaarii
x,hotaa,honaa
x,hote,honaa
x,hotii,honaa
x,hove,honaa
x,hu))aa,honaa
x,hu))e,honaa
x,hu))ii,honaa
x,hu))o;n,honaa
x,hujuum-e,hujuum
x,humaa,humaa
x,hunar,hunar
x,hushyaar,hushyaar
x,huu;n,honaa
x,huujiye,honaa
x,huujiyo,honaa
x,huujo,honaa
x,i((jaaz-e,i((jaaz
x,i((tibaar,i((tibaar
x,i((tibaar-e,i((tibaar
x,i((tidaal,i((tidaal
x,i((timaad,i((timaad
x,i((timaad-e,i((timaad
x,i((tiqaad,i((tiqaad
x,i.z:tiraab,i.z:tiraab
x,i.z:tiraab-e,i.z:tiraab
x,i:zhaar,i:zhaar
x,i;hsaa;n,i;hsaan
x,i;htiyaa:t,i;htiyaa:t
x,i;sbaat,i;sbaat
x,i;xfaa-e,i;xfaa
x,i;xlaa.s,i;xlaa.s
x,i;xtilaa:t,i;xtilaa:t
x,i;xtiraa((-e,i;xtiraa((
x,i;xtiyaar,i;xtiyaar
x,ibn-e,ibn
x,ibraam,ibraam
x,idhar,idhar
x,idraak,idraak
x,idraak-e,idraak
x,ihtizaaz,ihtizaaz
x,ii;n,iin
x,iijaad,iijaad
x,iimaa;n,iimaan
x,iimaan,iimaan
x,iimaan-o-aagahii,iimaan-o-aagahii|iimaan|aagahii
x,ijaabat,ijaabat
x,ijaaraa,ijaaraa
x,ijaazat,ijaazat
x,ijaazat-e,ijaazat
x,ik,ik
x,ikraam,ikraam
x,il;aahii,il;aahii
x,iltifaat,iltifaat
x,iltifaat-e,iltifaat
x,iltihaab,iltihaab
x,iltijaa,iltijaa
x,imkaa;n,imkaan
x,imti;haa;n,imti;haan
x,imtiyaaz-e,imtiyaaz
x,in,yah
x,in.saaf,in.saaf
x,infi((aal,infi((aal
x,inkaar,inkaar
x,insaa;n,insaan
x,insaan,insaan
x,inti:zaam,inti:zaam
x,inti:zaar,inti:zaar
x,inti:zaar-e,inti:zaar
x,inti;xaab,inti;xaab
x,intiqaam,intiqaam
x,iqaamat,iqaamat
x,iqbaal-e,iqbaal
x,iqliim,iqliim
x,iqliim-e,iqliim
x,iram,iram
x,is,yih
x,ishaaraa,ishaarah
x,ishaarah,ishaarah
x,ishaarat,ishaarat
x,ishaare,ishaarah
x,ishtiyaaq-angez,ishtiyaaq-angez
x,isti;gnaa,isti;gnaa
x,isti;gnaa-e,isti;gnaa
x,itnaa,itnaa
x,itne,itnaa
x,itnii,itne
x,itraa))e,itraanaa
x,itraataa,itraanaa
x,ittifaaqii,ittifaaqii
x,ja;zb-e,ja;zb
x,ja;zbah-e,ja;zbah
x,jaa,jaanaa
x,jaa))e,jaanaa
x,jaa))e;n,jaanaa
x,jaa))e;nge,jaanaa
x,jaa))egaa,jaanaa
x,jaa))egii,jaanaa
x,jaa))iye,jaanaa
x,jaa))iyo,jaanaa
x,jaa))o,jaanaa
x,jaa))oge,jaanaa
x,jaa))uu;n,jaanaa
x,jaa-e,jaa
x,jaa;n,jaan
x,jaa;n-daadah-e,jaan-daadah
x,jaa;n-fizaa,jaan-fizaa
x,jaa;n-gudaaz,jaan-gudaaz
x,jaa;n-gudaazii-e,jaan-gudaazii
x,jaa;n-gusil,jaan-gusil
x,jaa;n-kaahii-e,jaan-kaahii
x,jaa;n-sipaarii,jaan-sipaarii
x,jaa;n-sitaa;n,jaan-sitaan
x,jaa;n-sitaa;n-tar,jaan-sitaan
x,jaadaad-e,jaadaad
x,jaadah,jaadah
x,jaadah-e,jaadah
x,jaage,jaagnaa
x,jaagiir-e,jaagiir
x,jaam,jaam
x,jaam-e,jaam
x,jaam-o-sabuu,jaam-o-sabuu|jaam|sabuu
x,jaamah-e,jaamah
x,jaan,jaan
x,jaan-e,jaan
x,jaanaa,jaanaa
x,jaanaa;n,jaan
x,jaane,jaan'naa|jaanaa
x,jaane;n,jaan'naa
x,jaanegaa,jaan'naa
x,jaaniye,jaan'naa
x,jaano,jaan'naa
x,jaantaa,jaan'naa
x,jaante,jaan'naa
x,jaanuu;n,jaan'naa
x,jaarii,jaarii
x,jaataa,jaanaa
x,jaate,jaanaa
x,jaatii,jaanaa
x,jaave,jaanaa
x,jaave;n,jaanaa
x,jaave;nge,jaanaa
x,jaaved,jaaved
x,jaavidaa;n,jaavidaan
x,jaavidaanii-e,jaavidaanii
x,jab,jab
x,jabii;n,jabiin
x,jabiin-e,jabiin
x,jafaa,jafaa
x,jafaa))e;n,jafaa
x,jagah,jagah
x,jahaa;n,jahaan
x,jahaa;n-taab,jahaan-taab
x,jahaan,jahaan
x,jahaan-e,jahaan
x,jaise,jaise
x,jal,jalnaa
x,jalaa,jalnaa
x,jalaane,jalaanaa
x,jale,jalnaa
x,jalii,jalnaa
x,jallaad,jallaad
x,jaltaa,jalnaa
x,jalte,jalnaa
x,jaltii,jalnaa
x,jalvah,jalvah
x,jalvah'haa-e,jalvah
x,jalvah-e,jalvah
x,jalvah-farmaa))ii,jalvah-farmaa))ii
x,jalvah-gaah,jalvah-gaah
x,jalvah-gar,jalvah-gar
x,jalvah-garii,jalvah-garii
x,jalvah-numaa,jalvah-numaa
x,jalvah-rezii-e,jalvah-rezii
x,jalvah-zaar-e,jalvah-zaar
x,jalve,jalvah
x,jam,jam
x,jam((-o-;xarj,jam((-o-;xarj|jam((a|;xarj
x,jam((-o-;xarj-e,jam((-o-;xarj|jam((a|;xarj
x,jam((a,jam((a
x,jam((iiyat-e,jam((iiyat
x,jamaal,jamaal
x,jamaal-e,jamaal
x,jamshed,jamshed
x,janaab,janaab
x,janaazah,janaazah
x,janaaze,janaazah
x,jangal,jangal
x,jannat,jannat
x,jannat-e,jannat
x,jaraa;hat,jaraa;hat
x,jaraa;hat-e,jaraa;hat
x,jastah,jastah
x,jauhar,jauhar
x,jauhar-e,jauhar
x,jaulaa;n,jaulaan
x,jaulaan-e,jaulaan
x,jaur,jaur
x,javaa;n,javaan
x,javaa;n-marg,javaan-marg
x,javaab,javaab
x,javaahir,javaahir
x,javaahir-e,javaahir
x,javaanii,javaanii
x,javvaalah,javvaalah
x,jazaa,jazaa
x,jeb,jeb
x,jeb-e,jeb
x,jeb-o-daaman,jeb-o-daaman|jeb|daaman
x,jhaa;rii,jhaa;rnaa
x,jhaga;rte,jhaga;rnaa
x,jhukaa,jhuknaa
x,jhukne,jhuknaa
x,jhuu;t,jhuu;t
x,jigar,jigar
x,jigar-;xaraash,jigar-;xaraash
x,jigar-daarii,jigar-daarii
x,jigar-e,jigar
x,jigar-tishnah-e,jigar-tishnah
x,jihat,jihat
x,jii,jii
x,jiine,jiinaa
x,jiitaa,jiinaa
x,jiite,jiinaa
x,jin,jo
x,jins-e,jins
x,jis,jo
x,jise,jo
x,jism,jism
x,jitnaa,jitnaa
x,jitne,jitnaa
x,jitnii,jitnaa
x,jiye,jiinaa
x,jo,jo
x,josh,josh
x,josh-e,josh
x,josh-o-;xarosh,josh-o-;xarosh|josh|;xarosh
x,joshish-e,joshish
x,judaa,judaa
x,judaa))ii,judaa))ii
x,junbish,junbish
x,junbish-e,junbish
x,junuu;n,junuun
x,junuu;n-((alaamat,junuun-((alaamat
x,junuu;n-jaulaa;n,junuun-jaulaan
x,junuun-e,junuun
x,jur))at-aazmaa,jur))at-aazmaa
x,jur))at-e,jur))at
x,jurm,jurm
x,just-juu,justajuu
x,justajuu,justajuu
x,juu))ibaar-e,juu))ibaar
x,juu-e,juu
x,juuyaa,juuyaa
x,juuyaa-e,juuyaa
x,juz,juz
x,juzv,juzv
x,juzv-e,juzv
x,ka((bah,ka((bah
x,ka((be,ka((bah
x,ka))ii,ka))ii
x,ka;rii,ka;raa
x,ka;srat-aaraa))ii-e,ka;srat-aaraa))ii
x,ka;srat-e,ka;srat
x,ka;t,ka;tnaa
x,ka;te,ka;tnaa
x,ka;tne,ka;tnaa
x,ka;ttii,ka;tnaa
x,kaa,kaa
x,kaa))ii,kaa))ii
x,kaa))inaat,kaa))inaat
x,kaa;ga;z,kaa;ga;z
x,kaa;ga;z-e,kaa;ga;z
x,kaa;ga;zii,kaa;ga;zii
x,kaa;n,kaan
x,kaa;n;to;n,kaa;n;taa
x,kaa;te,kaa;tnaa
x,kaaf-e,kaaf
x,kaafar,kaafir
x,kaafii,kaafii
x,kaafir,kaafir
x,kaakul,kaakul
x,kaakul-e,kaakul
x,kaalbud-e,kaalbud
x,kaam,kaam
x,kaam-e,kaam
x,kaam-o-dahan,kaam-o-dahan|kaam|dahan
x,kaamyaab,kaamyaab
x,kaan,kaan
x,kaar,kaar
x,kaar-farmaa,kaar-farmaa
x,kaar-gaah-e,kaar-gaah
x,kaar-gar,kaar-gar
x,kaar-o-baar,kaar-o-baar|kaar|baar
x,kaar-o-baar-e,kaar-o-baar|kaar|baar
x,kaarii,kaarii
x,kaasah,kaasah
x,kaasah-e,kaasah
x,kaash,kaash
x,kaash-ke,kaash
x,kaashaane,kaashaanah
x,kaav-kaav-e,kaav-kaav
x,kaavish,kaavish
x,kaavish'haa-e,kaavish
x,kaavish-e,kaavish
x,kab,kab
x,kabaab-e,kabaab
x,kabhii,kabhii
x,kaf-e,kaf
x,kafan,kafan
x,kafiil-e,kafiil
x,kah,kahnaa
x,kahaa,kahnaa
x,kahaa;n,kahaa;n
x,kahaanii,kahaanii
x,kahaaro;n,kahaar
x,kahe,kahnaa
x,kahe;n,kahnaa
x,kahe;nge,kahnaa
x,kahii;n,kahii;n
x,kahiye,kahnaa
x,kahnaa,kahnaa
x,kahne,kahnaa
x,kaho,kahnaa
x,kahtaa,kahnaa
x,kahte,kahnaa
x,kahtii,kahnaa
x,kahuu;n,kahnaa
x,kahve,kahnaa
x,kahve;n,kahnaa
x,kahye,kahnaa
x,kahyo,kahnaa
x,kaifiiyat-e,kaifiiyat
x,kaimuus,kaimuus
x,kaisaa,kaisaa
x,kaise,kaisaa
x,kaisii,kaisaa
x,kal,kal
x,kalaam,kalaam
x,kalejaa,kalejaa
x,kaliisaa,kaliisaa
x,kam,kam
x,kam-aazaar,kam-aazaar
x,kam-tar,kam
x,kam;xvaab,kam;xvaab
x,kamaa;n,kamaan
x,kamaal,kamaal
x,kamaal-e,kamaal
x,kamaan,kamaan
x,kamand-e,kamand
x,kamar,kamar
x,kamii;n,kamiin
x,kamiin-e,kamiin
x,kan((aa;n,kan((aan
x,kandhaa,kandhaa
x,kap;re,kap;rah
x,kar,karnaa
x,karam,karam
x,kardah,kardah
x,kare,karnaa
x,kare;n,karnaa
x,kare;nge,karnaa
x,karishmah,karishmah
x,karnaa,karnaa
x,karne,karnaa
x,karo,karnaa
x,karo;ro;n,karo;r
x,karoge,karnaa
x,kartaa,karnaa
x,karte,karnaa
x,kartii,karnaa
x,karuu;n,karnaa
x,karuu;ngaa,karnaa
x,kas,kasnaa
x,kasb-e,kasb
x,kashaakash,kashaakash
x,kashaakash'haa-e,kashaakash
x,kashaakash-e,kashaakash
x,kashash-e,kashash
x,kashmakash,kashmakash
x,kashmakash-e,kashmakash
x,kau;nd,kau;ndnaa
x,kau;sar,kau;sar
x,kaukabah-e,kaukabah
x,kaun,kaun
x,kaun-se,kaun-saa
x,kavaakib-sipah-o-mihr-((alam,kavaakib-sipah-o-mihr-((alam|kavaakib-sipah|mihr-((alam
x,ke,kaa
x,kesh,kesh
x,kha;re,kha;raa
x,kha;tkaa,kha;taknaa
x,kha;tke,kha;taknaa
x,khaa,khaanaa
x,khaa))e,khaanaa
x,khaa))e;n,khaanaa
x,khaa))ii,khaanaa
x,khaa))iye,khaanaa
x,khaa))iyo,khaanaa
x,khaa))uu;n,khaanaa
x,khaanaa,khaanaa
x,khaane,khaanaa
x,khaate,khaanaa
x,khaave;nge,khaanaa
x,khaayaa,khaanaa
x,khapaataa,khapaanaa
x,khare,kharaa
x,khe;nch,khe;nchnaa
x,khe;nchaa,khe;nchnaa
x,khe;nche,khe;nchnaa
x,khe;nchii,khe;nchnaa
x,khe;nchiye,khe;nchnaa
x,khe;ncho,khe;nchnaa
x,khe;nchtaa,khe;nchnaa
x,khe;nchuu;n,khe;nchnaa
x,khe;nchuu;ngaa,khe;nchnaa
x,khel,khel
x,khet,khet
x,khi;nch,khi;nchnaa
x,khi;nchtaa,khi;nchnaa
x,khil,khilnaa
x,khilne,khilnaa
x,kho,khonaa
x,kho))e,khonaa
x,khod,khodnaa
x,khode;n,khodnaa
x,khodne,khodnaa
x,khol,kholnaa
x,kholnaa,kholnaa
x,kholte,kholnaa
x,khoyaa,khonaa
x,khujaataa,khujaanaa
x,khul,khulnaa
x,khulaa,khulnaa
x,khule,khulnaa
x,khulegaa,khulnaa
x,khulii,khulnaa
x,khulnaa,khulnaa
x,khulne,khulnaa
x,khultaa,khulnaa
x,kidhar,kidhar
x,kih,kih
x,kii,kii|karnaa
x,kiije,karnaa
x,kiijiye,karnaa
x,kinaar-e,kinaar
x,kinaarah,kinaarah
x,kinaare,kinaarah
x,kirishmah,kirishmah
x,kis,kis
x,kise,kise
x,kisht,kisht
x,kisht-e,kisht
x,kishtii-e,kishtii
x,kishvar-e,kishvar
x,kisii,kisii
x,kisliye,kisliye
x,kisuu,kisuu
x,kisvat-e,kisvat
x,kitnaa,kitnaa
x,kitne,kitnaa
x,kiyaa,karnaa
x,kiye,karnaa
x,ko,ko
x,ko))ii,ko))ii
x,koh,koh
x,koh-e,koh
x,kohkan,kohkan
x,korii-e,korii
x,koshish,koshish
x,koso;n,kos
x,kotaahii-e,kotaahii
x,kuchh,kuchh
x,kufr,kufr
x,kuhan,kuhan
x,kujaa,kujaa
x,kul,kul
x,kulah,kulah
x,kulfat-e,kulfat
x,kungur-e,kungur
x,kunisht,kunisht
x,kunj-e,kunj
x,kuredte,kurednaa
x,kushaad-e,kushaad
x,kushaad-o-bast-e,kushaad-o-bast|kushaad|bast
x,kushaadah,kushaadah
x,kushaayish,kushaayish
x,kushtah,kushtah
x,kushtah-e,kushtah
x,kushuudah,kushuudah
x,kuu-e,kuu
x,kuuchah-e,kuuchah
x,kuuche,kuuchah
x,kuudakii,kuudakii
x,kyaa,kyaa
x,kyuu;n,kyuu;n
x,kyuu;nkar,kyuu;nkar
x,kyuu;nkih,kyuu;nkih
x,la((l-e,la((l
x,la((l-o-guhar,la((l-o-guhar|la((l|guhar
x,la((l-o-zumurrud-o-zar-o-gauhar,la((l-o-zumurrud-o-zar-o-gauhar|la((l|zumurrud|zar|gauhar
x,la))iim,la))iim
x,la:taafat,la:taafat
x,la:tmah-e,la:tmah
x,la;h:zah,la;h:zah
x,la;r,la;rnaa
x,la;raa))ii,la;raa))ii
x,la;rakpan,la;rakpan
x,la;riye,la;rnaa
x,la;rko;n,la;rkaa
x,la;rtaa,la;rnaa
x,la;rte,la;rnaa
x,la;xt-e,la;xt
x,la;xt-la;xt,la;xt
x,la;z;zat,la;z;zat
x,la;z;zat'haa-e,la;z;zat
x,la;z;zat-e,la;z;zat
x,la;z;zat-yaab,la;z;zat-yaab
x,laa,laanaa
x,laa))e,laanaa
x,laa))ii,laanaa
x,laa))iq-e,laa))iq
x,laa))uu;n,laanaa
x,laa;gar,laa;gar
x,laaf-e,laaf
x,laag,laag
x,laakh,laakh
x,laakho;n,laakh
x,laal,laal
x,laalah,laalah
x,laalah-kaarii,laalah-kaarii
x,laalah-o-gul,laalah-o-gul|laalah|gul
x,laalah-o-gul-o-nasrii;n,laalah-o-gul-o-nasriin|laalah|gul|nasriin
x,laalah-zaar,laalah-zaar
x,laale,laalah
x,laam,laam
x,laanaa,laanaa
x,laash-e,laash
x,laataa,laanaa
x,laate,laanaa
x,laatii,laanaa
x,laave,laavnaa
x,laave;nge,laavnaa
x,laavegii,laavnaa
x,laazim,laazim
x,lab,lab
x,lab-e,lab
x,lab-o-dandaa;n,lab-o-dandaan|lab|dandaan
x,lab-tishnah-e,lab-tishnah
x,labo;n,lab
x,laf:z,laf:z
x,lag,lagnaa
x,lagaa,lagaanaa
x,lagaa))e,lagaanaa
x,lagaa))o,lagaanaa
x,lagaava;t,lagaava;t
x,lagaave,lagaavnaa
x,lagaayaa,lagaanaa
x,lagan,lagan
x,lage,lagnaa
x,lagii,lagnaa
x,lagne,lagnaa
x,lagtii,lagnaa
x,lahnaa,lahnaa
x,lahuu,lahuu
x,lai,lai
x,lail;aa,lail;aa
x,lakad-kob-e,lakad-kob
x,lakhna))uu,lakhna))uu
x,lakiire;n,lakiir
x,larazne,laraznnaa
x,laraztaa,laraznaa
x,larze,laraznaa
x,lashkar,lashkar
x,lat,lat
x,lau;h-e,lau;h
x,le,lenaa
x,le;n,lenaa
x,le;nge,lenaa
x,lekin,lekin
x,lene,lenaa
x,letaa,lenaa
x,lete,lenaa
x,leve,lenaa
x,libaas,libaas
x,libaas-e,libaas
x,lii,lenaa
x,liijo,lenaa
x,likh,likhnaa
x,likhaa,likhnaa
x,likhe,likhnaa
x,likhe;nge,likhnaa
x,likhiye,likhnaa
x,likhtaa,likhnaa
x,likhte,likhnaa
x,likhuu;n,likhnaa
x,likhvaa))e,likhvaanaa
x,likkhaa,likhnaa
x,lip;taa,lipa;tnaa
x,lipa;tnaa,lipa;tnaa
x,liyaa,lenaa
x,liyaalii,liyaalii
x,liye,liye
x,lo,lenaa
x,log,log
x,logo;n,log
x,lu:tf,lu:tf
x,lu:tf-e,lu:tf
x,lu;taataa,lu;taanaa
x,lu;ttaa,lu;tnaa
x,luu;n,lenaa
x,ma((;zuur,ma((;zuur
x,ma((aa.sii,ma((aa.sii
x,ma((aanii,ma((aanii
x,ma((aash-e,ma((aash
x,ma((dan,ma((dan
x,ma((luum,ma((luum
x,ma((muure,ma((muurah
x,ma((nii,ma((nii
x,ma((ri.z-e,ma((ri.z
x,ma((shuuq,ma((shuuq
x,ma((shuuq-e,ma((shuuq
x,ma((shuuq-farebii,ma((shuuq-farebii
x,ma((shuuqii-o-be-;hau.slagii,ma((shuuqii-o-be-;hau.slagii|ma((shuuqii|be-;hau.slagii
x,ma((zuulii-e,ma((zuulii
x,ma-aal,ma-aal
x,ma.sla;hat,ma.sla;hat
x,ma.zaamii;n,ma.zaamiin
x,ma.zmuu;n,ma.zmuun
x,ma:tlab,ma:tlab
x,ma:tlab-e,ma:tlab
x,ma:tlaq,ma:tlaq
x,ma:tluub,ma:tluub
x,ma;gfarat,ma;gfarat
x,ma;hfil,ma;hfil
x,ma;hfile;n,ma;hfil
x,ma;hmil,ma;hmil
x,ma;hram,ma;hram
x,ma;hramii-e,ma;hramii
x,ma;hruum,ma;hruum
x,ma;hruum-e,ma;hruum
x,ma;hruumii-e,ma;hruumii
x,ma;hshar,ma;hshar
x,ma;hshar-e,ma;hshar
x,ma;hsharistaan-e,ma;hsharistaan
x,ma;hv,ma;hv
x,ma;hv-e,ma;hv
x,ma;zkuur,ma;zkuur
x,maa,maa
x,maa))idah-e,maa))idah
x,maa;ndagii,maa;ndagii
x,maa;ng,maa;ngnaa
x,maa;ngaa,maa;ngnaa
x,maa;nge,maa;ngnaa
x,maafaat,maafaat
x,maah,maah
x,maah-e,maah
x,maajraa,maajraa
x,maal,maal
x,maan,maan
x,maana((,maana((
x,maana((-e,maana((
x,maanaa,maan'naa
x,maane,maan'naa
x,maanii,maanii
x,maanind,maanind
x,maanind-e,maanind
x,maanuu;n,maan'naa
x,maar,maarnaa
x,maaraa,maarnaa
x,maare,maanaa
x,maariye,maarnaa
x,maatam,maatam
x,maatam-;xaanah,maatam-;xaanah
x,maatam-e,maatam
x,mabaadaa,mabaadaa
x,mad;h,mad;h
x,mad;h-e,mad;h
x,madaar,madaar
x,madfan,madfan
x,madrasah,madrasah
x,magar,magar
x,magas,magas
x,mah,mah
x,mah-:tal((ato;n,maah-:tal((at
x,mah-e,mah
x,mah-ru;xo;n,maah-ru;x
x,mahiine,mahiinah
x,mahjuur-e,mahjuur
x,mahshar,mahshar
x,mahtaab,maahtaab
x,mai,mai
x,mai-;xaanah,mai-;xaanah
x,mai-;xaanah-e,mai-;xaanah
x,mai-;xaane,mai-;xaanah
x,mai-e,mai
x,mai-kadah,mai-kadah
x,mai-kadah-e,mai-kadah
x,mai-kash,mai-kash
x,mai-kashii,mai-kashii
x,mai-o-angabii;n,mai-o-angabiin|mai|angabiin
x,mai-o-na;gmah,mai-o-na;gmah|mai|na;gmah
x,mai-o-saa;gar,mai-o-saa;gar|mai|saa;gar
x,mai-parastaa;n,mai-parast
x,mai-parastii,mai-parastii
x,mai;n,mai;n
x,majaal-e,majaal
x,majbuur,majbuur
x,majbuurii-o-da((vaa-e,majbuurii-o-da((vaa|majbuurii|da((vaa
x,majlis,majlis
x,majlis-furoz-e,majlis-furoz
x,majmuu((ah-e,majmuu((ah
x,majnuu;n,majnuun
x,majnuun-e,majnuun
x,majruu;h-e,majruu;h
x,makaa;n,makaan
x,makaan,makaan
x,makii;n,makiin
x,maktab,maktab
x,maktab-e,maktab
x,maktuub,maktuub
x,mala;x,mala;x
x,malaamat,malaamat
x,malak-ul-maut,malak-ul-maut
x,malnaa,malnaa
x,man((-e,man((
x,man.sab-e,man.sab
x,man.suur,man.suur
x,man:zar,man:zar
x,man:zuur,man:zuur
x,mansuub,mansuub
x,manzil,manzil
x,maq.sad,maq.sad
x,maq.sad-e,maq.sad
x,maq:ta((-e,maq:ta((
x,maqaam,maqaam
x,maqaam-e,maqaam
x,maqbuul,maqbuul
x,maqdam-e,maqdam
x,maqduur,maqduur
x,maqtal,maqtal
x,mar,marnaa
x,mar;guub-e,mar;guub
x,mar;habaa,mar;habaa
x,mar;siyah,mar;siyah
x,mara.z,mara.z
x,mard,mard
x,mard-afgan-e,mard-afgan
x,mardaanah,mardaanah
x,mardumak-e,mardumak
x,mare,marnaa
x,marg,marg
x,marg-e,marg
x,marham,marham
x,marhuun-e,marhuun
x,marii.z-e,marii.z
x,marjaa;n,marjaan
x,marnaa,marnaa
x,marne,marnaa
x,martaa,marnaa
x,martabah,martabah
x,marte,marnaa
x,maryam,maryam
x,masaa))il-e,masaa))il
x,mash;guul-e,mash;guul
x,mashhad-e,mashhad
x,mashhuur,mashhuur
x,mashq-e,mashq
x,masii;haa,masii;haa
x,masjid,masjid
x,masjuud,masjuud
x,mast,mast
x,mast-e,mast
x,mastaanah,mastaanah
x,mastii,mastii
x,mat,mat
x,mataa((-e,mataa((
x,mauj,mauj
x,mauj-e,mauj
x,mauj-zan,mauj-zan
x,maujah-e,maujah
x,maujuud,maujuud
x,mauquuf,mauquuf
x,mausam,mausam
x,mausam-e,mausam
x,maut,maut
x,mazaa,mazaa
x,mazaar,mazaar
x,mazah,mazah
x,mazduur,mazduur
x,maze,mazah
x,me;n,me;n
x,meraa,meraa
x,mere,meraa
x,merii,meraa
x,mi.sr,mi.sr
x,mi;saal,mi;saal
x,mi;sl-e,mi;sl
x,mi;t,mi;tnaa
x,mi;taa,mi;tnaa
x,mi;taataa,mi;taanaa
x,mi;te,mi;tnaa
x,mi;tnaa,mi;tnaa
x,mi;ttaa,mi;tnaa
x,mihmaa;n,mihmaan
x,mihr,mihr
x,mihr-aasaa,mihr-aasaa
x,mihr-baa;n,mihr-baan
x,mihr-e,mihr
x,mihr-giyaa,mihr-giyaa
x,mihr-o-maah,mihr-o-maah|mihr|maah
x,mihr-o-mah,mihr-o-mah|mihr|maah
x,mihr-o-vafaa,mihr-o-vafaa|mihr|vafaa
x,mihr-vash,mihr-vash
x,mihrbaa;n,mihrbaan
x,mihrbaaniihaa-e,mihrbaanii
x,miinaa,miinaa
x,miinaa))ii,miinaa))ii
x,miinaa-e,miinaa
x,miir,miir
x,miirzaa,miirzaa
x,mil,milnaa
x,milaa,milnaa
x,mile,milnaa
x,mile;n,milnaa
x,mile;nge,milnaa
x,milegaa,milnaa
x,milii,milnaa
x,millat-o-mulk,millat-o-mulk|millat|mulk
x,millate;n,millat
x,milnaa,milnaa
x,milne,milnaa
x,miltaa,milnaa
x,miltii,milnaa
x,min-jumlah-e,min-jumlah
x,minnat,minnat
x,minnat-e,minnat
x,minnat-kash-e,minnat-kash
x,miqdaar-e,miqdaar
x,miraa,meraa
x,mire,meraa
x,mirii,meraa
x,mizaaj,mizaaj
x,mizhah,mizhah
x,mizhah'haa-e,mizhah
x,mizhah-e,mizhah
x,mizhgaa;n,mizhgaan
x,mizhgaan-e,mizhgaan
x,mizhgaanii,mizhgaanii
x,mor,mor
x,motii,motii
x,mu((aaf,mu((aaf
x,mu((aamalah,mu((aamalah
x,mu((ayyan,mu((ayyan
x,mu((iin-e,mu((iin
x,mu((taqid-e,mu((taqid
x,mu.saa;hib,mu.saa;hib
x,mu.savvarii,mu.savvarii
x,mu.savvir,mu.savvir
x,mu.siibat,mu.siibat
x,mu.siibat-e,mu.siibat
x,mu.z:tarib,mu.z:tarib
x,mu.zma;hil,mu.zma;hil
x,mu.zmar,mu.zmar
x,mu:trib,mu:trib
x,mu:trib-e,mu:trib
x,mu;gannii-e,mu;gannii
x,mu;gtanam,mu;gtanam
x,mu;haabaa,mu;haabaa
x,mu;haal,mu;haal
x,mu;habbat,mu;habbat
x,mu;hii:t-e,mu;hii:t
x,mu;htaaj-e,mu;htaaj
x,mu;nd,mu;ndnaa
x,mu;nh,mu;nh
x,mu;xaalif,mu;xaalif
x,mu;xta.sar,mu;xta.sar
x,mubaarak,mubaarak
x,mubaddal,mubaddal
x,mubtalaa-e,mubtalaa
x,mudaam,mudaam
x,mudda((;aa,mudda((;aa
x,mudda((aa,mudda((aa
x,mudda((aa-:talabii,mudda((aa-:talabii
x,mudda((aa-e,mudda((aa
x,mudda((ii,mudda((ii
x,mudda((ii-o-diidah,mudda((ii-o-diidah|mudda((ii|diidah
x,muddat,muddat
x,muflisaa;n,muflis
x,muft,muft
x,muft-e,muft
x,muhr,muhr
x,muhr-e,muhr
x,mujh,mai;n
x,mujhe,mai;n
x,mujhii,mai;n
x,mukaafaat,mukaafaat
x,mukarrar,mukarrar
x,mukaukab,mukaukab
x,mulaaqaat,mulaaqaat
x,mun;ha.sir,mun;ha.sir
x,mun;harif,mun;harif
x,munaajaat,munaajaat
x,munfa((il,munfa((il
x,munkar-e,munkar
x,munkir,munkir
x,muqaabil,muqaabil
x,muqaabil-o-da((vaa-e,muqaabil-o-da((vaa|muqaabil|da((vaa
x,muqaddamah,muqaddamah
x,muqaddar,muqaddar
x,muqarrar,muqarrar
x,mur;g,mur;g
x,mur;g-e,mur;g
x,muraad,muraad
x,murdah,murdah
x,murdan,murdan
x,musalmaa;n,musalmaan
x,musarrat-e,musarrat
x,mushaahadah,mushaahadah
x,mushaahadah-e,mushaahadah
x,mushk-buu,mushk-buu
x,mushkii;n,mushkiin
x,mushkil,mushkil
x,mushkil-e,mushkil
x,mushkil-pasand,mushkil-pasand
x,mushkile;n,mushkil
x,musht-e,musht
x,mushtaaq,mushtaaq
x,mushtaaq-e,mushtaaq
x,mushtamil,mushtamil
x,mutaqaabil,mutaqaabil
x,muu,muu
x,muu-e,muu
x,muunis,muunis
x,muva;h;hid,muva;h;hid
x,muvaa;xa;zah-e,muvaa;xa;zah
x,muyassar,muyassar
x,muzhdah,muzhdah
x,muzhdah-e,muzhdah
x,na((l-bahaa,na((l-bahaa
x,na((sh,na((sh
x,na))e,nayaa
x,na-shuniidan,na-shuniidan
x,na.sii;hat-niyosh,na.sii;hat-niyosh
x,na.siib,na.siib
x,na.siibo;n,na.siib
x,na.siir-e,na.siir
x,na:z:zaaragii,na:z:zaaragii
x,na:z:zaarah,na:z:zaarah
x,na:z:zaarah-e,na:z:zaarah
x,na:z:zaarah-o-;xayaal,na:z:zaarah-o-;xayaal|na:z:zaarah|;xayaal
x,na:z:zaare,na:z:zaarah
x,na:zaarah,na:z:zaarah
x,na:zaarah-e,na:z:zaarah
x,na:zaarah-soz,na:z:zaarah-soz
x,na:zar,na:zar
x,na:zar'haa-e,na:zar
x,na:zar-gaah-e,na:zar-gaah
x,na;gmah,na;gmah
x,na;gmah'haa-e,na;gmah
x,na;gmah-e,na;gmah
x,na;gmah-sanj,na;gmah-sanj
x,na;gmah-saraa,na;gmah-saraa
x,na;xchiir,na;xchiir
x,na;xshab,na;xshab
x,na;xvat,na;xvat
x,na;zr,na;zr
x,na;zr-e,na;zr
x,naa-((aaqibat-andesh,naa-((aaqibat-andesh
x,naa-;haq,naa-;haq
x,naa-;xudaa,naa-;xudaa
x,naa-;xvush,naa-;xvush
x,naa-chaar,naa-chaar
x,naa-daa;n,naa-daan
x,naa-in.saaf,naa-in.saaf
x,naa-kaam,naa-kaam
x,naa-kaamii,naa-kaamii
x,naa-kaamii-e,naa-kaamii
x,naa-kardah,naa-kardah
x,naa-mihrbaa;n,naa-mihrbaan
x,naa-mihrbaan,naa-mihrbaan
x,naa-muraad,naa-muraad
x,naa-rasaa,naa-rasaa
x,naa-rasaa))ii,naa-rasaa))ii
x,naa-saaz,naa-saaz
x,naa-saaz-gaarii,naa-saaz-gaarii
x,naa-saazii-e,naa-saazii
x,naa-sazaa,naa-sazaa
x,naa-shiguftah,naa-shiguftah
x,naa-shinaas,naa-shinaas
x,naa-tamaamii,naa-tamaamii
x,naa-tamaamii-e,naa-tamaamii
x,naa-tavaanii,naa-tavaanii
x,naa-tavaanii-e,naa-tavaanii
x,naa-umiidii,naa-ummiidii
x,naa-ummiidvaarii,naa-ummiidvaarii
x,naa-yaab,naa-yaab
x,naa-yaaft,naa-yaaft
x,naa.si;h,naa.si;h
x,naa.siyah-farsaa,naa.siyah-farsaa
x,naa.siyah-saa,naa.siyah-saa
x,naa;xun,naa;xun
x,naab,naab
x,naachaar,naachaar
x,naachte,naachnaa
x,naadaa;n,naadaan
x,naaf-e,naaf
x,naafah,naafah
x,naagahaa;n,naagahaan
x,naagahaanii,naagahaanii
x,naak,naak
x,naalaa;n,naalah
x,naalah,naalah
x,naalah'haa-e,naalah
x,naalah-e,naalah
x,naalah-farsaa,naalah-farsaa
x,naalah-farsaa))ii,naalah-farsaa))ii
x,naale,naalah
x,naalo;n,naalah
x,naam,naam
x,naam-e,naam
x,naamah,naamah
x,naamah-bar,naamah-bar
x,naamah-e,naamah
x,naamuus,naamuus
x,naamuus-e,naamuus
x,naaqi.s-o-kaamil,naaqi.s-o-kaamil|naaqi.s|kaamil
x,naar,naar
x,naasi;x,naasi;x
x,naasuur,naasuur
x,naavuk-e,naavuk
x,naavuk-figan,naavuk-figan
x,naay-o-nosh,naay-o-nosh|naay|nosh
x,naayaab,naayaab
x,naaz,naaz
x,naaz-e,naaz
x,naaz-o-;gamzah,naaz-o-;gamzah|naaz|;gamzah
x,naaz-o-adaa,naaz-o-adaa|naaz|adaa
x,naazaa;n,naaz
x,naazish-e,naazish
x,naazuk,naazuk
x,naazuk-badan,naazuk-badan
x,naazukii,naazukii
x,nab.z-e,nab.z
x,nabaatii,nabaatii
x,nabard,nabard
x,nabard-e,nabard
x,nabard-peshah,nabard-peshah
x,nadaamat,nadaamat
x,nadiim,nadiim
x,nadiim-e,nadiim
x,nafas,nafas
x,nafas-e,nafas
x,nafas-parvar,nafas-parvar
x,nafii,nafii
x,nafrat,nafrat
x,nagiin-e,nagiin
x,nah,nah
x,nahii;n,nahii;n
x,nai,nai
x,nairang,nairang
x,nairang-e,nairang
x,naisitaa;n,nayistaan
x,najaf-o-:tauf-e,najaf-o-:tauf|najaf|:tauf
x,nak'hat-e,nak'hat
x,nakiire;n,nakiir
x,nam-e,nam
x,namak,namak
x,namak-daa;n,namak-daan
x,namak-paash-e,namak-paash
x,namruud,namruud
x,namuud,namuud
x,namuud-e,namuud
x,nang-e,nang
x,naqaab,naqaab
x,naqaab-e,naqaab
x,naqd,naqd
x,naqd-e,naqd
x,naqqaash-e,naqqaash
x,naqsh,naqsh
x,naqsh-e,naqsh
x,naqsh-o-nigaar-e,naqsh-o-nigaar|naqsh|nigaar
x,naqshaa,naqshaa
x,naqshah,naqshah
x,nargis,nargis
x,nashaa:t,nashaa:t
x,nashaa:t-aahang,nashaa:t-aahang
x,nashaa:t-e,nashaa:t
x,nasheb-o-faraaz,nasheb-o-faraaz|nasheb|faraaz
x,nashshah,nashshah
x,nashshah'haa,nashshah
x,nashshah-e,nashshah
x,nashshe,nashshah
x,nashtar,nashtar
x,nashv-o-numaa,nashv-o-numaa|nashv|numaa
x,nasiim,nasiim
x,nasiim-e,nasiim
x,nau,nau
x,nau-;xez,nau-;xez
x,nau-aamoz-e,nau-aamoz
x,nau-bahaar-e,nau-bahaar
x,nau;hah-;xvaa;n,nau;hah-;xvaan
x,nau;hah-e,nau;hah
x,nau;hah-gar,nau;hah-gar
x,naukar,naukar
x,naumed,naumed
x,naumiid,naumed
x,naumiidii,naumiidii
x,naumiidii-e,naumiidii
x,navaa-e,navaa
x,navaa-pardaaz,navaa-pardaaz
x,navaa-sanj-e,navaa-sanj
x,navaa-sanjaan-e,navaa-sanj
x,navaahaa-e,navaa
x,navaazish,navaazish
x,navaazish'haa-e,navaazish
x,naved-e,naved
x,naviid,naviid
x,nayistaa;n,nayistaa;n
x,nayyar,nayyar
x,naz((,naz((
x,naz((a,naz((
x,nazaakat,nazaakat
x,nazdiik,nazdiik
x,ne,ne
x,nek,nek
x,nekii,nekii
x,nesh,nesh
x,neshtar,neshtar
x,ni((mat,ni((mat
x,ni;saar,ni;saar
x,nigaah,nigaah
x,nigaah-e,nigaah
x,nigaahe;n,nigaah
x,nigaar,nigaar
x,nigah,nigaah
x,nigah-e,nigaah
x,nihaa;n,nihaan
x,nihaal,nihaal
x,nihaalii,nihaalii
x,nihaanii,nihaanii
x,nihang,nihang
x,nii;nd,nii;nd
x,niilii-faam,niilii-faam
x,niim-;gamzah,niim-;gamzah
x,niim-baaz,niim-baaz
x,niim-jaa;n,niim-jaan
x,niim-kash,niim-kash
x,niim-roz,niim-roz
x,niim-shabii,niim-shabii
x,niind,niind
x,niiruu-e,niiruu
x,nijaat,nijaat
x,nikaalaa,nikaalnaa
x,nikaale,nikaalnaa
x,nikalnaa,nikalnaa
x,nikalne,nikalnaa
x,nikalte,nikalnaa
x,nikaltii,nikalnaa
x,nikammaa,nikammaa
x,niklaa,nikalnaa
x,nikle,nikalnaa
x,niko-naamii-e,niko-naamii
x,nikohish,nikohish
x,nisbat,nisbat
x,nishaa:t-e,nishaa:t
x,nishaa;n,nishaan
x,nishaan,nishaan
x,nishaan-e,nishaan
x,nishaanii,nishaanii
x,nisyaa;n,nisyaan
x,nisyah-o-naqd-e,nisyah-o-naqd|nisyah|naqd
x,niyaam-e,niyaam
x,niyaaz,niyaaz
x,niyaaz-e,niyaaz
x,nok,nok
x,nu:tq,nu:tq
x,nujuum,nujuum
x,nuktah-chii;n,nuktah-chiin
x,nuktah-daa;n,nuktah-daan
x,nuktah-saraa,nuktah-saraa
x,numaayaa;n,numaayaan
x,numuu,numuu
x,nuq.saa;n,nuq.saan
x,nuqsaa;n,nuqsaan
x,nus;xah'haa-e,nus;xah
x,nus;xah-e,nus;xah
x,nuur,nuur
x,nuur-e,nuur
x,nuur-ul-((ain-e,nuur-ul-((ain
x,nuzuul,nuzuul
x,ok,ok
x,pa))-e,pai
x,pa))e,pa))e
x,pa;raa,pa;rnaa
x,pa;re,pa;rnaa
x,pa;rh,pa;rhnaa
x,pa;rhye,pa;rhnaa
x,pa;rii,pa;rnaa
x,pa;rii;n,pa;rnaa
x,pa;rtii,pa;rnaa
x,pa;ruu;n,pa;rnaa
x,pa;rye,pa;rnaa
x,paa,paa
x,paa))e,paanaa
x,paa))e;n,paanaa
x,paa))idaarii,paa))idaarii
x,paa))ii,paanaa
x,paa))uu;n,paanaa
x,paa-andaaz,paa-andaaz
x,paa-bastagii-e,paa-bastagii
x,paa-buus,paa-buus
x,paa-e,paa
x,paa;nv,paa;nv
x,paaband-e,paa-band
x,paadaash-e,paa-daash
x,paak,paak
x,paane,paanaa
x,paanii,paanii
x,paar,paar
x,paarah'haa-e,paarah
x,paarah-e,paarah
x,paarsaa))ii,paarsaa))ii
x,paas,paas
x,paas-baa;n,paasbaan
x,paas-e,paas
x,paasbaa;n,paasbaan
x,paasbaanii,paasbaanii
x,paashnah,paashnah
x,paasu;x-e,paasu;x
x,paataa,paanaa
x,paate,paanaa
x,paave,paanaa
x,paayaa,paanaa
x,pach,pach
x,pah,pah
x,pahchaantaa,pahchaan'naa
x,pahle,pahle
x,pahluu,pahluu
x,pahluu-e,pahluu
x,pahu;nch,pahu;nchnaa
x,pahu;nchaa,pahu;nchnaa
x,pahu;nchaa))e;n,pahu;nchaanaa
x,pahu;nche,pahu;nchnaa
x,pahu;nchte,pahu;nchnaa
x,pai,pai
x,pai-ravii,pai-ravii
x,pai;gaam,pai;gaam
x,pai;gaam-e,pai;gaam
x,pai;gaarah-juu,pai;gaarah-juu
x,paidaa,paidaa
x,paidaa))ii,paidaa))ii
x,paikaa;n,paikaan
x,paikaan,paikaan
x,paikaan-e,paikaan
x,paikar-e,paikar
x,paimaan-e,paimaan
x,paimaanah-e,paimaanah
x,pairaahan,pairaahan
x,pairahan,pairaahan
x,paivand,paivand
x,paivastah,paivastah
x,pak;raa,paka;rnaa
x,pak;re,paka;rnaa
x,palang,palang
x,palko;n,palak
x,pand-e,pand
x,par,par
x,par-afshaa;n,par-afshaan
x,par-e,par
x,par-fishaanii,par-fishaanii
x,par-fishaanii-e,par-fishaanii
x,parastaarii-e,parastaarii
x,parastish,parastish
x,pardaa,pardaa
x,pardaaz,pardaaz
x,pardah,pardah
x,pardah-daar-e,pardah-daar
x,pardah-daarii,pardah-daarii
x,pardah-daarii-e,pardah-daarii
x,pardah-e,pardah
x,pardah-sanj-e,pardah-sanj
x,parde,pardah
x,pare,pare
x,pareshaa;n,pareshaan
x,pareshaanii,pareshaanii
x,pareshaanii-e,pareshaanii
x,pareshaaniyaa;n,pareshaanii
x,parhez,parhez
x,parii,parii
x,parii-chahrah,parii-chahrah
x,parii-paikar,parii-paikar
x,parii-ru;x,parii-ru;x
x,parii-vash,parii-vash
x,pariizaado;n,pariizaad
x,parniyaa;n,parniyaan
x,partav,partav
x,partav-e,partav
x,parvaa,parvaa
x,parvaanah,parvaanah
x,parvaaz,parvaaz
x,parvaaz-e,parvaaz
x,parvarish,parvarish
x,pas,pas
x,pasand,pasand
x,pashemaa;n,pashemaan
x,pastii,pastii
x,pataa,patah
x,pate,patah
x,patthar,patthar
x,payaam-e,payaam
x,payaam-o-chashm,payaam-o-chashm|payaam|chashm
x,pech-o-;xam,pech-o-;xam|pech|;xam
x,pech-o-taab,pech-o-taab|pech|taab
x,pech-o-taab-e,pech-o-taab|pech|taab
x,pesh-dastii,pesh-dastii
x,pesh-e,pesh
x,peshe,peshah
x,peshtar,pesh
x,pha;nsaayaa,pha;nsaanaa
x,phande,phande
x,phir,phir
x,phiraa,phirnaa
x,phire,phirnaa
x,phire;n,phirnaa
x,phirne,phirnaa
x,phiro,phirnaa
x,phirtaa,phirnaa
x,phirtii,phirnaa
x,phiruu;n,phirnaa
x,pho;r,pho;r
x,pho;rnaa,pho;rnaa
x,phuu;nkaa,phuu;nknaa
x,phuul,phuul
x,pighlaa,pighalnaa
x,pii,piinaa
x,pii;tne,pii;tnaa
x,pii;tuu;n,pii;tnaa
x,piichhe,piichhe
x,piinas,piinas
x,piine,piinaa
x,piir,piir
x,piir-e,piir
x,piir-zan,piir-zan
x,piirii,piirii
x,piitaa,piinaa
x,piite,piinaa
x,pilaa,pilaanaa
x,pindaar,pindaar
x,pinhaa;n,pinhaan
x,pinhaanii,pinhaanii
x,pirone,pironah
x,piyaa,piinaa
x,piyaalah,piyaalah
x,piyaalah-o-saa;gar,piyaalah-o-saa;gar|piyaalah|saa;gar
x,piye,piinaa
x,piyo,piinaa
x,piyuu;n,piinaa
x,punbah,punbah
x,punbah-aagii;n,punbah-aagiin
x,punbah-e,punbah
x,pur,pur
x,pur-((arbadah,pur-((arbadah
x,pur-;xaar,pur-;xaar
x,pur-;xuu;n,pur-;xuun
x,pur-gul,pur-gul
x,pur-pech-o-;xam,pur-pech-o-;xam|pur-pech|;xam
x,pur-shikan,pur-shikan
x,pur-shor,pur-shor
x,purkaar,purkaar
x,pursish,pursish
x,pursish'haa-e,pursish
x,pursish-e,pursish
x,purze,purzah
x,pusht-;xaar,pusht-;xaar
x,pusht-e,pusht
x,pusht-garmii-e,pusht-garmii
x,puuchh,puuchhnaa
x,puuchhaa,puuchhnaa
x,puuchhe,puuchhnaa
x,puuchhe;n,puuchhnaa
x,puuchhii,puuchhnaa
x,puuchhnaa,puuchhnaa
x,puuchhne,puuchhnaa
x,puuchho,puuchhnaa
x,puuchhtaa,puuchhnaa
x,puuchhte,puuchhnaa
x,puuchhuu;n,puuchhnaa
x,puujnaa,puujnaa
x,puujtaa,puujnaa
x,pyaas,pyaas
x,qa.suur,qa.suur
x,qa.zaa,qa.zaa
x,qa:t,qa:t
x,qa:t((-e,qa:t((a
x,qa:t((a,qa:t((a
x,qa:trah,qa:trah
x,qa:trah-e,qa:trah
x,qa:trah-o-mauj-o-;habaab,qa:trah-o-mauj-o-;hubaab|qa:trah|mauj|;habaab
x,qa:tre,qa:trah
x,qa;h:t-e,qa;h:t
x,qaa))il,qaa))il
x,qaa.sid,qaa.sid
x,qaa:ta((-e,qaa:ta((
x,qaabil,qaabil
x,qaamat,qaamat
x,qaatil,qaatil
x,qabaa,qabaa
x,qabaa-e,qabaa
x,qabuul,qabuul
x,qad,qad
x,qad-e,qad
x,qad-o-gesuu,qad-o-gesuu|qad|gesuu
x,qad-o-ru;x,qad-o-ru;x|qad|ru;x
x,qada;h,qada;h
x,qada;h-;xvaar,qada;h-;xvaar
x,qadam,qadam
x,qadam-bos,qadam-bos
x,qadar,qadar
x,qadd-e,qad
x,qadiim,qadiim
x,qadr,qadr
x,qadr-e,qadr
x,qafaa-e,qafaa
x,qafas,qafas
x,qafas-e,qafas
x,qahr,qahr
x,qahr-o-((itaab,qahr-o-((itaab|qahr|((itaab
x,qahr-o-;ga.zab,qahr-o-;ga.zab|qahr|;ga.zab
x,qai,qai
x,qaid,qaid
x,qaid-e,qaid
x,qais,qais
x,qais-o-kohkan,qais-o-kohkan|qais|kohkan
x,qalam,qalam
x,qalam-e,qalam
x,qanaa((at,qanaa((at
x,qar.z,qar.z
x,qaraar,qaraar
x,qariib,qariib
x,qasam,qasam
x,qatl,qatl
x,qatl-gah,qatl-gaah
x,qatl-gah-e,qatl-gaah
x,qaul-e,qaul
x,qi.s.sah,qi.s.sah
x,qiblah,qiblah
x,qiblah-e,qiblah
x,qiblah-numaa,qiblah-numaa
x,qible,qiblah
x,qiimat,qiimat
x,qiimat-e,qiimat
x,qimaar-;xaanah-e,qimaar-;xaanah
x,qismat,qismat
x,qiyaamat,qiyaamat
x,qiyaas,qiyaas
x,qudrat,qudrat
x,qudrat-e,qudrat
x,qufl-e,qufl
x,qulzum-aashaamii,qulzum-aashaamii
x,qulzum-e,qulzum
x,qumrii,qumrii
x,quv;aa,quv;aa
x,ra((naa))ii-e,ra((naa))ii
x,ra((uunat,ra((uunat
x,ra.zaamand,ra.zaamand
x,ra;hm,ra;hm
x,ra;hmat,ra;hmat
x,ra;xsh-e,ra;xsh
x,ra;xshindah,ra;xshindah
x,raa.zii,raa.zii
x,raa;hat,raa;hat
x,raa;hat-:talabii,raa;hat-:talabii
x,raag,raag
x,raah,raah
x,raah-e,raah
x,raah-guzar,raah-guzaar
x,raah-o-rasm-e,raah-o-rasm|raah|rasm
x,raah-zan,raah-zan
x,raahbar,raah-bar
x,raakh,raakh
x,raas,raas
x,raat,raat
x,raate;n,raat
x,raaz,raaz
x,raaz'haa-e,raaz
x,raaz-daa;n,raaz-daan
x,raaz-e,raaz
x,rab,rab
x,rab:t,rab:t
x,rab:t-e,rab:t
x,radd-e,radd
x,radiif-e,radiif
x,raft,raft
x,raftaar,raftaar
x,raftaar-e,raftaar
x,raftah,raftah
x,raftah-e,raftah
x,rafuu,rafuu
x,rafuu-e,rafuu
x,rag,rag
x,rag-e,rag
x,rag-o-pai,rag-o-pai|rag|pai
x,rago;n,rag
x,rah,raah
x,rah-e,raah
x,rah-guzaar,raah-guzaar
x,rah-guzar,raah-guzar
x,rah-guzar-e,raah-guzar
x,rah-numaa,raah-numaa
x,rah-o-rasm-e,raah-o-rasm|raah|rasm
x,rah-o-sitam-e,raah-o-sitam|raah|sitam
x,rahaa,rahnaa
x,rahbar-e,raah-bar
x,rahe,rahnaa
x,rahe;n,rahnaa
x,rahegaa,rahnaa
x,rahguzaar,raah-guzaar
x,rahguzaar-e,raah-guzaar
x,rahguzar,raah-guzar
x,rahii,rahii
x,rahiin-e,rahiin
x,rahn-e,rahn
x,rahnaa,rahnaa
x,rahne,rahnaa
x,raho,rahnaa
x,rahrau,raah-rau
x,rahtaa,rahnaa
x,rahte,rahnaa
x,rahtii,rahnaa
x,rahuu;n,rahnaa
x,rahve,rahnaa
x,rahye,rahnaa
x,rahyo,rahnaa
x,rahzan,rahzan
x,rahzan-e,rahzan
x,rahzanii,rahzanii
x,rakaab,rakaab
x,rakh,rakhnaa
x,rakhaa,rakhnaa
x,rakhe,rakhnaa
x,rakhne,rakhnaa
x,rakhtaa,rakhnaa
x,rakhte,rakhnaa
x,rakhtii,rakhnaa
x,rakhuu;n,rakhnaa
x,rakhye,rakhnaa
x,rakhyo,rakhnaa
x,ram,ram
x,rang,rang
x,rang-e,rang
x,rang-o-saaz'haa,rang-o-saaz|rang|saaz
x,rangaarang,rangaarang
x,rangii;n,rangiin
x,rangii;n-navaa))ii,rangiin-navaa))ii
x,ranj,ranj
x,ranj-aashnaa,ranj-aashnaa
x,ranj-e,ranj
x,ranjish-e,ranjish
x,ranjishe;n,ranjish
x,ranjuur,ranjuur
x,ranjuurii,ranjuurii
x,raq.s-e,raq.s
x,raqam,raqam
x,raqiib,raqiib
x,raqiib-e,raqiib
x,raqiibo;n,raqiib
x,rasaa,rasaa
x,rasaa))ii,rasaa))ii
x,rashk,rashk
x,rashk-e,rashk
x,rasm-o-raah,rasm-o-raah|rasm|raah
x,rasm-o-rah-e,rasm-o-raah|rasm|raah
x,rast;xez-andaazah,rast;xez-andaazah
x,rastaa,rastaa
x,rau,rau
x,rau;ndii,rau;ndnaa
x,raunaq,raunaq
x,raunaq-e,raunaq
x,raushan,raushan
x,rauzan,rauzan
x,rauzan-e,rauzan
x,ravaa,ravaa
x,ravaa;n,ravaan
x,ravaanah,ravaanah
x,ravaanii,ravaanii
x,ravaanii-e,ravaanii
x,ravish-e,ravish
x,ravish-o-mastii-e,ravish-o-mastii|ravish|mastii
x,re,re
x,re;xtah,re;xtah
x,re;xte,re;xtah
x,resh-e,resh
x,reshagii,reshagii
x,reshah,reshah
x,reshah-davaanii,reshah-davaanii
x,reshah-e,reshah
x,rezah-e,rezah
x,rezish-e,rezish
x,ri.zvaa;n,ri.zvaan
x,rihaa,rihaa
x,rihaa))ii,rihaa))ii
x,rind-e,rind
x,rindaa;n,rind
x,rindaan-e,rindaan
x,rindaanah,rindaanah
x,rishtah,rishtah
x,rishtah-e,rishtah
x,riyaa))ii,riyaa))ii
x,rizq,rizq
x,rizq-e,rizq
x,ro,ronaa
x,ro))e;n,ronaa
x,ro))e;nge,ronaa
x,ro))iye,ronaa
x,ro))uu;n,ronaa
x,rok,roknaa
x,rokaa,roknaa
x,roke,roknaa
x,ronaa,ronaa
x,rone,ronaa
x,rotaa,ronaa
x,rote,ronaa
x,roz,roz
x,roz-e,roz
x,rozgaar,rozgaar
x,ru;x,ru;x
x,ru;x-e,ru;x
x,ru;x.sat,ru;x.sat
x,ru;x.sat-e,ru;x.sat
x,ru;xsaar,ru;xsaar
x,ru;xsaar-e,ru;xsaar
x,ruk,ruknaa
x,rukne,ruknaa
x,ruktaa,ruknaa
x,ruktii,ruknaa
x,rusuum,rusuum
x,rusuum-o-quyuud,rusuum-o-quyuud|rusuum|quyuud
x,rusvaa,rusvaa
x,rusvaa))ii,rusvaa))ii
x,rusvaa))ii-e,rusvaa))ii
x,rusvaa-e,rusvaa
x,rutbe,rutbah
x,ruu,ruu
x,ruu-e,ruu
x,ruu-kash-e,ruu-kash
x,ruu-kashii,ruu-kashii
x,ruu-shinaas-e,ruu-shinaas
x,ruu-siyaah,ruu-siyaah
x,ruu;h,ruu;h
x,ruu;h-e,ruu;h
x,ruu;h-ul-qudus,ruu;h-ul-qudus
x,ruubakaarii,ruubakaarii
x,ruubaruu,ruubaruu
x,ruubkaar,ruubkaar
x,ruudaad-e,ruudaad
x,sa((ii-e,sa((ii
x,sa((y,sa((ii
x,sa:t;h-e,sa:t;h
x,sa:tvat,sa:tvat
x,sa:tvat-e,sa:tvat
x,sa;har,sa;har
x,sa;harii,sa;harii
x,sa;nbhalne,sa;nbhalnaa
x,sa;xt,sa;xt
x,sa;xt-jaaniihaa-e,sa;xt-jaanii
x,sa;xtii-kashaan-e,sa;xtii-kashaan
x,saa,saa
x,saa))e,saayah
x,saa))il,saa))il
x,saa;gar,saa;gar
x,saa;gar-e,saa;gar
x,saa;gar-o-miinaa,saa;gar-o-miinaa|saa;gar|miinaa
x,saa;hil,saa;hil
x,saa;hil-e,saa;hil
x,saa;xtah-o-fa.sl-e,saa;xtah-o-fa.sl|saa;xtah|fa.sl
x,saadagii,saadagii
x,saadagii-aamoz-e,saadagii-aamoz
x,saadagii-o-purkaarii,saadagii-o-purkaarii|saadagii|purkaarii
x,saadagiihaa-e,saadagii
x,saadah,saadah
x,saadah-dil,saadah-dil
x,saadah-dilii,saadah-dilii
x,saakinaan-e,saakinaan
x,saal,saal
x,saamaa;n,saamaan
x,saamaa;n-:taraaz-e,saamaan-:taraaz
x,saamaan,saamaan
x,saamaan-e,saamaan
x,saamne,saamne
x,saaqii,saaqii
x,saaqii-e,saaqii
x,saaqii-garii,saaqii-garii
x,saaqii-o-;zauq-e,saaqii-o-;zauq|saaqii|;zauq
x,saat,saat
x,saath,saath
x,saayah,saayah
x,saayah-e,saayah
x,saaye,saayah
x,saaz,saaz
x,saaz-e,saaz
x,sab,sab
x,sabab,sabab
x,sabad-e,sabad
x,sabaq,sabaq
x,sabaq-e,sabaq
x,sabz,sabz
x,sabz-e,sabz
x,sabzah,sabzah
x,sabzah-e,sabzah
x,sabzah-o-gul,sabzah-o-gul|sabzah|gul
x,sabzah-zaar,sabzah-zaar
x,sabze,sabzah
x,sach,sach
x,saf;hah-e,saf;hah
x,safaal,safaal
x,safar,safar
x,safar-e,safar
x,safedii,safedii
x,safiinah,safiinah
x,sahii,sahii
x,sahl,sahl
x,sai;nk;ro;n,sai;nka;r
x,sail-e,sail
x,sailaab,sailaab
x,sailaab-e,sailaab
x,sair,sair
x,sair-e,sair
x,sair-o-tamaashaa,sair-o-tamaashaa|sair|tamaashaa
x,saiyaarah,saiyaarah
x,sakaa,saknaa
x,sake,saknaa
x,sako,saknaa
x,saktaa,saknaa
x,sakte,saknaa
x,saktii,saknaa
x,sakuu;n,sakuun
x,salaam,salaam
x,salaamat,salaamat
x,sam,sam
x,samaa((,samaa((
x,samaa))ii,samaa))ii
x,samajh,samajhnaa
x,samajhnii,samajhnaa
x,samajhtaa,samajhnaa
x,samajhte,samajhnaa
x,samajhye,samajhnaa
x,samajhyo,samajhnaa
x,samand-e,samand
x,samandar,samandar
x,samjhaa,samajhnaa
x,samjhaave;nge,samjhaavnaa
x,samjhe,samajhnaa
x,samjhe;n,samajhnaa
x,samjhe;nge,samajhnaa
x,samjho,samajhnaa
x,samjhuu;n,samajhnaa
x,samjhuu;ngaa,samajhnaa
x,sanam-parasto;n,sanam-parast
x,sang,sang
x,sang-aamadah,sang-aamadah
x,sang-dil,sang-dil
x,sang-e,sang
x,sang-o-;xisht,sang-o-;xisht|sang|;xisht
x,sangii;n,sangiin
x,sanjaab,sanjaab
x,sar,sar
x,sar-angusht-e,sar-angusht
x,sar-ba-sar,sar-ba-sar
x,sar-bar,sar-bar
x,sar-chashmah-e,sar-chashmah
x,sar-e,sar
x,sar-garm,sar-garm
x,sar-garm-e,sar-garm
x,sar-gashtagii,sar-gashtagii
x,sar-giraa;n,sar-giraan
x,sar-giraanii,sar-giraanii
x,sar-kash,sar-kash
x,sar-manzil-e,sar-manzil
x,sar-mastiyaa;n,sar-mastiii
x,sar-naame,sar-naamah
x,sar-navisht,sar-navisht
x,sar-niguu;n,sar-niguun
x,sar-niguunii,sar-niguunii
x,sar-o-barg-e,sar-o-barg|sar|barg
x,sar-o-saamaa;n,sar-o-saamaan|sar|saamaan
x,sar-panjah-e,sar-panjah
x,sar-sabz,sar-sabz
x,sar-taa-paa,sar-taa-paa
x,sar-taa-sar,sar-taa-sar
x,sar-taa-sar-e,sar-taa-sar
x,sar;had-e,sar;had
x,saraab,saraab
x,saraab-e,saraab
x,saraapaa,saraapaa
x,saraapaa-naaz,saraapaa-naaz
x,saraasar,saraasar
x,sard,sard
x,sargashtah-e,sargashtah
x,sarishtah-daarii,sarishtah-daarii
x,sarmaayah,sarmaayah
x,sarmaayah-e,sarmaayah
x,sarosh,sarosh
x,sarshaar,sarshaar
x,sarshaar-e,sarshaar
x,sarv,sarv
x,sarv-e,sarv
x,sarv-o-.sanobar,sarv-o-.sanobar|sarv|.sanobar
x,sarv-qad,sarv-qad
x,sataa))e,sataanaa
x,sataa))ish,sataa))ish
x,sataanaa,sataanaa
x,sataayish-gar,sataayish-gar
x,sau,sau
x,sau;np,sau;np
x,sau;npaa,sau;npnaa
x,sau;npii,sau;npnaa
x,saudaa,saudaa
x,saudaa-e,saudaa
x,savaal,savaal
x,savaal-o-javaab,savaal-o-javaab|savaal|javaab
x,savaar-e,savaar
x,sazaa,sazaa
x,sazaa-e,sazaa
x,se,se
x,sha;gl,sha;gl
x,sha;x.s,sha;x.s
x,shaa((ir,shaa((ir
x,shaa))ibah-e,shaa))ibah
x,shaa;x-e,shaa;x
x,shaad,shaad
x,shaadaab-e,shaadaab
x,shaadii,shaadii
x,shaadmaanii,shaadmaanii
x,shaah,shaah
x,shaah-e,shaah
x,shaahid,shaahid
x,shaahid-baaz,shaahid-baaz
x,shaahid-e,shaahid
x,shaahinshaah,shaahinshaah
x,shaam,shaam
x,shaam-e,shaam
x,shaamat,shaamat
x,shaan,shaan
x,shaanah-kash-e,shaanah-kash
x,shaane,shaanah
x,shaayaan-e,shaayaan
x,shaayad,shaayad
x,shab,shab
x,shab'haa-e,shab
x,shab-e,shab
x,shab-o-roz,shab-o-roz|shab|roz
x,shab-o-roz-o-maah-o-saal,shab-o-roz-o-maah-o-saal|shab|roz|maah|saal
x,shab-rau,shab-rau
x,shabaanah,shabaanah
x,shabistaa;n,shabistaan
x,shabistaan-e,shabistaan
x,shabnam,shabnam
x,shabnamistaa;n,shabnamistaan
x,shafaa,shafaa
x,shafaq,shafaq
x,shafaq-aaluudah,shafaq-aaluudah
x,shah,shah
x,shah-par,shaah-par
x,shahaadat,shahaadat
x,shahiid-e,shahiid
x,shahiidaa;n,shahiid
x,shahiidaan-e,shahiidaan
x,shahiido;n,shahiid
x,shahinshaah-e,shahinshaah
x,shahpar-e,shahpar
x,shahr,shahr
x,shahryaar,shahryaar
x,shai,shai
x,shai;x-o-barhaman,shai;x-o-barhaman|shai;x|barahman
x,shajar-e,shajar
x,shakl,shakl
x,shakl-e,shakl
x,sham((-e,sham((a
x,sham((a,sham((a
x,sham((e;n,sham((a
x,shamshiir,shamshiir
x,shaq,shaq
x,shar((-o-aa))iin,shar((-o-aa))iin|shar((|aa))iin
x,shar:t-e,shar:t
x,shar;h-e,shar;h
x,sharaab,sharaab
x,sharaab-;xaane,sharaab-;xaanah
x,sharaab-e,sharaab
x,sharaar,sharaar
x,sharaar-e,sharaar
x,sharaf,sharaf
x,sharar,sharar
x,sharar-baar,sharar-baar
x,sharm,sharm
x,sharm-e,sharm
x,sharm-saar,sharm-saar
x,sharmaa,sharmaanaa
x,sharmaa))e,sharmaanaa
x,sharmindagii,sharmindagii
x,sharmindah,sharmindah
x,sharmindah-e,sharmindah
x,shash,shash
x,shash-jihat-e,shash-jihat
x,shast-e,shast
x,shauq,shauq
x,shauq-e,shauq
x,sheftagii,sheftagii
x,sher,sher
x,shevah,shevah
x,shevah-e,shevah
x,shevan,shevan
x,shi((aar,shi((aar
x,shi((r,shi((r
x,shi((ro;n,shi((r
x,shiddat,shiddat
x,shigaaf,shigaaf
x,shiguftagii,shiguftagii
x,shiguftah,shiguftah
x,shiguftan-e,shiguftan
x,shiguftan-haa,shiguftan
x,shiir,shiir
x,shiiraazah,shiiraazah
x,shiiraazah-e,shiiraazah
x,shiirii;n,shiiriin
x,shiirii;n-bayaanii,shiiriin-bayaanii
x,shiirii;n-su;xan,shiiriin-su;xan
x,shiishah,shiishah
x,shiishah-baaz,shiishah-baaz
x,shiishah-e,shiishah
x,shiishah-o-qada;h-o-kuuzah-o-sabuu,shiishah-o-qada;h-o-kuuzah-o-sabuu|shiishah|qada;h|kuuzah|sabuu
x,shiishe,shiishah
x,shikaar,shikaar
x,shikaar-e,shikaar
x,shikaayat,shikaayat
x,shikaayat'haa-e,shikaayat
x,shikaayat-e,shikaayat
x,shikan,shikan
x,shikan-e,shikan
x,shikast,shikast
x,shikast-e,shikast
x,shikastah,shikastah
x,shikastan,shikastan
x,shikeb-e,shikeb
x,shikeb-o-.sabr-e,shikeb-o-.sabr|shikeb|.sabr
x,shikvah,shikvah
x,shikvah-e,shikvah
x,shikvah-sanj-e,shikvah-sanj
x,shikve,shikvah
x,shinaa,shinaa
x,shinaavar,shinaavar
x,sho;x,sho;x
x,sho;x-e,sho;x
x,sho;x-o-((aashiq-e,sho;x-o-((aashiq|sho;x|((aashiq
x,sho;xii,sho;xii
x,sho;xii-e,sho;xii
x,shor,shor
x,shor-e,shor
x,shoriidagii,shoriidagii
x,shoriidah,shoriidah
x,shoriidah-;haal,shoriidah-;haal
x,shoriidah-e,shoriidah
x,shorish-e,shorish
x,shu((aa((,shu((aa((
x,shu((aa((-e,shu((aa((
x,shu((aa-e,shu((aa
x,shu((lah,shu((lah
x,shu((lah-baar,shu((lah-baar
x,shu((lah-e,shu((lah
x,shu((le,shu((lah
x,shuhrat,shuhrat
x,shuhuud,shuhuud
x,shuhuud-o-shaahid-o-mashhuud,shuhuud-o-shaahid-o-mashhuud|shuhuud|shaahid|mashhuud
x,shukr,shukr
x,shumaar,shumaar
x,shumaar-e,shumaar
x,shuniidan,shuniidan
x,si;hr,si;hr
x,siikhe,siikhnaa
x,siilii-e,siilii
x,siim-tan,siim-tan
x,siimaab,siimaab
x,siinah,siinah
x,siinah-e,siinah
x,siinah-gudaaz,siinah-gudaaz
x,siine,siinah
x,sijdah,sijdah
x,sijdah-e,sijdah
x,sikandar,sikandar
x,sikhaataa,sikhaanaa
x,silk-e,silk
x,silsilah-e,silsilah
x,silvaane,silvaanaa
x,sipaarii,sipaarii
x,sipaas,sipaas
x,sipaas-e,sipaas
x,sipand-e,sipand
x,sirishk-aaluudah,sirishk-aaluudah
x,sirishk-e,sirishk
x,sitaarah-e,sitaarah
x,sitaare,sitaarah
x,sitam,sitam
x,sitam-:zariif,sitam-:zariif
x,sitam-gar,sitam-gar
x,sitam-iijaad,sitam-iijaad
x,sitam-kash,sitam-kash
x,sitam-o-jaur-e,sitam-o-jaur|sitam|jaur
x,sitam-zadagaa;n,sitam-zadah
x,sitam-zadah,sitam-zadah
x,sitamgar,sitamgar
x,sitamhaa-e,sitam
x,sivaa,sivaa
x,sivaa-e,sivaa
x,siyaah,siyaah
x,siyaahii,siyaahii
x,siyaasat-e,siyaasat
x,siyah,siyah
x,siyah-;xaanah-e,siyah-;xaanah
x,siyah-mast,siyah-mast
x,siyah-mastii-e,siyah-mastii
x,siyah-posh,siyah-posh
x,so,so
x,so;xtah,so;xtah
x,so;xtan,so;xtan
x,soch,soch
x,sotaa,sonaa
x,sote,sonaa
x,soz-e,soz
x,sozaa;n,sozaan
x,sozan,sozan
x,sozish-e,sozish
x,su;xan,su;xan
x,su;xan-e,su;xan
x,su;xan-var,su;xan-var
x,sub;hah,sub;hah
x,sub;hah-e,sub;hah
x,sub;hah-o-zunnaar,sub;hah-o-zunnaar|sub;hah|zunnaar
x,subuk,subuk
x,subuk-dast,subuk-dast
x,subuk-sar,subuk-sar
x,sufrah,sufrah
x,sul:taa;n,sul:taan
x,sul:tanat,sul:tanat
x,sulaimaa;n,sulaimaan
x,sulaimaa;n-jaah,sulaimaan-jaah
x,sun,sun'naa
x,sunaa,sun'naa|sunaanaa
x,sunaa))e,sunaanaa
x,sunaa))uu;n,sunaanaa
x,sune,sun'naa
x,sunii,sun'naa
x,suno,sun'naa
x,suntaa,sun'naa
x,sunte,sun'naa
x,supurd,supurd
x,suraa;g,suraa;g
x,suraa;g-e,suraa;g
x,surmah,surmah
x,surmah-e,surmah
x,surmah-saa,surmah
x,surme,surmah
x,suruur-e,suruur
x,suruur-o-soz,suruur-o-soz|suruur|soz
x,sust-ruu,sust-ruu
x,suu,suu
x,suu-e,suu
x,suud,suud
x,suud-e,suud
x,suukh,suukh
x,suvaidaa,suvaidaa
x,suvaidaa-e,suvaidaa
x,ta((ajjub,ta((ajjub
x,ta((alluq,ta((alluq
x,ta((liim,ta((liim
x,ta((liim-e,ta((liim
x,ta((miir,ta((miir
x,ta((n,ta((n
x,ta((riif,ta((riif
x,ta((ziir,ta((ziir
x,ta((ziyat-e,ta((ziyat
x,ta))ammul,ta))ammul
x,ta.savvuf,ta.savvuf
x,ta.savvur,ta.savvur
x,ta.savvur-e,ta.savvur
x,ta.sviir,ta.sviir
x,ta.sviir-numaa,ta.sviir-numaa
x,ta;gaaful,ta;gaaful
x,ta;gaaful-dost,ta;gaaful-dost
x,ta;gaafulhaa-e,ta;gaaful
x,ta;gayyur,ta;gayyur
x,ta;h.siil,ta;h.siil
x,ta;haiyur,ta;haiyur
x,ta;hammul,ta;hammul
x,ta;hriir,ta;hriir
x,ta;zkirah-e,ta;zkirah
x,taa,taa
x,taa;siir,taa;siir
x,taa;siir-e,taa;siir
x,taa;xiir,taa;xiir
x,taab,taab
x,taab-e,taab
x,taab-o-tavaa;n,taab-o-tavaan|taab|tavaan
x,taak,taak
x,taake,taake
x,taaliif-e,taaliif
x,taar,taar
x,taar-e,taar
x,taaraaj-e,taaraaj
x,taariikii-e,taariikii
x,taazah,taazah
x,taazah-vaaridaan-e,taazah-vaaridaan
x,tab,tab
x,tab-e,tab
x,tabaahii,tabaahii
x,tabassum-e,tabassum
x,tabassumhaa-e,tabassum
x,tadarv,tadarv
x,tadbiir,tadbiir
x,taf-e,taf
x,tafriqah,tafriqah
x,tah-e,tah
x,tahiiyah-e,tahiiyah
x,tajaahul-peshagii,tajaahul-peshagii
x,tajallii,tajallii
x,tajammul,tajammul
x,tajdiid-e,tajdiid
x,tak,tak
x,takalluf,takalluf
x,takliif-e,takliif
x,takraar,takraar
x,takraar-e,takraar
x,takyah-gaah-e,takyah-gaah
x,tal;x-navaa))ii,tal;x-navaa))ii
x,tal;xii-e,tal;xii
x,talaafii,talaafii
x,talaafii-e,talaafii
x,talaash-e,talaash
x,talaf,talaf
x,talak,talak
x,tale,tale
x,talvaar,talvaar
x,tamaam,tamaam
x,tamaashaa,tamaashaa
x,tamaashaa))ii,tamaashaa))ii
x,tamaashaa))ii-e,tamaashaa))ii
x,tamaashaa-dost,tamaashaa-dost
x,tamaashaa-e,tamaashaa
x,tamannaa,tamannaa
x,tamannaa))e;n,tamannaa
x,tamannaa-e,tamannaa
x,tamhiid,tamhiid
x,tamhiid-e,tamhiid
x,tamkii;n,tamkiin
x,tamkii;n-aazmaa,tamkiin-aazmaa
x,tamkiin-e,tamkiin
x,tamkiin-o-.zab:t,tamkiin-o-.zab:t|tamkiin|.zab:t
x,tamkiin-o-hosh,tamkiin-o-hosh|tamkiin|hosh
x,tan,tan
x,tan-aasaanii,tan-aasaanii
x,tan-e,tan
x,tang,tang
x,tangii-e,tangii
x,tangnaa-e,tangnaa
x,tanhaa,tanhaa
x,tanhaa))ii,tanhaa))ii
x,tapaak-e,tapaak
x,tapiidan,tapiidan
x,tapish,tapish
x,tapish-e,tapish
x,taq.siir,taq.siir
x,taqaa.zaa,taqaa.zaa
x,taqaa.zaa-e,taqaa.zaa
x,taqdiir,taqdiir
x,taqliid-e,taqliid
x,taqriib,taqriib
x,taqriib-e,taqriib
x,taqriir,taqriir
x,taqv;aa,taqv;aa
x,tar,tar
x,taraanah-e,taraanah
x,taraashaa,taraashaa
x,taraavish,taraavish
x,tarastaa,tarasnaa
x,tark-e,tark
x,tarkash,tarkash
x,tasallii,tasallii
x,tasbii;h-e,tasbii;h
x,tashviish-e,tashviish
x,taskii;n,taskiin
x,taskiin,taskiin
x,taskiin-e,taskiin
x,tasliim,tasliim
x,tasliim-e,tasliim
x,tasliim-o-badaa,tasliim-o-badaa|tasliim|badaa
x,tataar,tataar
x,taubah,taubah
x,taufiiq,taufiiq
x,taufiir-e,taufiir
x,tausan,tausan
x,tavaqqu((,tavaqqu((
x,te;g,te;g
x,te;g-aazmaa,te;g-aazmaa
x,te;g-e,te;g
x,te;g-o-kafan,te;g-o-kafan|te;g|kafan
x,teraa,teraa
x,tere,teraa
x,terii,teraa
x,teshe,tesah
x,tevarii,tevarii
x,tez,tez
x,tez-e,tez
x,tez-rau,tez-rau
x,tez-saa,tez
x,thaa,honaa
x,thak,thaknaa
x,thamaa,thamnaa
x,thame,thamnaa
x,thamtaa,thamnaa
x,the,honaa
x,thii,honaa
x,thii;n,honaa
x,tho;rii,tho;raa
x,tihii,tihii
x,tiir,tiir
x,tiir-e,tiir
x,tim;saal,tim;saal
x,tim;saal-daar,tim;saal-daar
x,tim;saal-e,tim;saal
x,tinkaa,tinkaa
x,tiraa,teraa
x,tire,teraa
x,tirii,teraa
x,tiryaakii-e,tiryaakii
x,tis,tis
x,tishnagii-e,tishnagii
x,tishnah-e,tishnah
x,tishnah-kaam,tishnah-kaam
x,tishnah-kaamii,tishnah-kaamii
x,tishnah-lab,tishnah-lab
x,to,to
x,to;r,to;rnaa
x,to;raa,to;rnaa
x,tu;hfah,tu;hfah
x,tu;xm,tu;xm
x,tuhmat,tuhmat
x,tuhmat-kash-e,tuhmat-kash
x,tuhmate;n,tuhmat
x,tujh,tuu
x,tujh-saa,tuu
x,tujh-sii,tuu
x,tujhe,tuu
x,tum,tum
x,tumhaare,tum
x,tumhaarii,tum
x,tumhe;n,tum
x,tumhii;n,tum
x,tund,tund
x,tund-;xuu,tund-;xuu
x,tundii-e,tundii
x,tunuk-:zarfii-e,tunuk-:zarfii
x,tunuk-aabii,tunuk-aabii
x,turbat,turbat
x,tuu,tuu
x,tuu;nbe,tuu;nbnaa
x,u;nglii,u;nglii
x,u;ngliyaa;n,u;nglii
x,u;nhe;n,vuh
x,u;r,u;rnaa
x,u;raa,u;rnaa
x,u;raane,u;raanaa
x,u;re;nge,u;rnaa
x,u;rne,u;rnaa
x,u;rtaa,u;rnaa
x,u;rte,u;rnaa
x,u;rtii,u;rnaa
x,u;rtii-sii,u;rnaa
x,u;th,u;thnaa
x,u;thaa,u;thnaa
x,u;thaa))e,u;thaanaa
x,u;thaa))ii,u;thaanaa
x,u;thaa))iye,u;thaanaa
x,u;thaane,u;thaanaa
x,u;thaataa,u;thaanaa
x,u;thaate,u;thaanaa
x,u;thaayaa,u;thaanaa
x,u;the,u;thnaa
x,u;the;nge,u;thnaa
x,u;thtaa,u;thnaa
x,u;thte,u;thnaa
x,u;thtii,u;thnaa
x,u;thye,u;thnaa
x,ubhraa,ubharnaa
x,ubhrii;n,ubharnaa
x,uchhal,uchhalnaa
x,udaas,udaas
x,udhar,udhar
x,uftaadah,uftaadah
x,ug,ugnaa
x,ugaa,ugnaa
x,ugaataa,ugaanaa
x,ugtii,ugnaa
x,ul;taa,ul;tnaa
x,ul;te,ul;tnaa
x,ul;tii,ul;tnaa
x,ulajhte,ulajhnaa
x,ulfat,ulfat
x,ulfat'haa-e,ulfat
x,ulfat-e,ulfat
x,uljhaa,ulajhnaa
x,umiid,umiid
x,ummat,ummat
x,ummed,ummiid
x,ummiid,umiid
x,un,vuh
x,urdii,urdii
x,us,vuh
x,use,vuh
x,usii,vuh
x,ustaad,ustaad
x,ustuvaar,ustuvaar
x,ustuvaarii,ustuvaarii
x,utar,utarnaa
x,utnaa,utnaa
x,utne,utnaa
x,utre,utarnaa
x,va((dah,va((dah
x,va((dah-e,va((dah
x,va((de,va((dah
x,va.sf-e,va.sf
x,va.sl,va.sl
x,va.sl-e,va.sl
x,va.sl-o-shikvah-e,va.sl-o-shikvah|va.sl|shikvah
x,va.sl-o-yaad-e,va.sl-o-yaad|va.sl|yaad
x,va.z((-e,va.z((a
x,va.z((a,va.z((a
x,va:tan,va:tan
x,va:ziifah-;xvaar,va:ziifah-;xvaar
x,va;hdat,va;hdat
x,va;hshat,va;hshat
x,va;hshat-;xiraamiihaa-e,va;hshat-;xiraamii
x,va;hshat-e,va;hshat
x,va;hshat-kadah,va;hshat-kadah
x,va;hshat-o-sheftah,va;hshat-o-sheftah|va;hshat|sheftah
x,va;hshii,va;hshii
x,vaa,vaa
x,vaa((i:z,vaa((i:z
x,vaa))e,vaa))e
x,vaa-bastah,vaa-bastah
x,vaa-bastah-e,vaa-bastah
x,vaa-gardiidah,vaa-gardiidah
x,vaa-maa;ndagii,vaa-maa;ndagii
x,vaa-maa;ndagiyaa;n,vaa-maa;ndagii
x,vaa-rastagii,vaa-rastagii
x,vaa-rastah,vaa-rastah
x,vaa-shud-e,vaa-shud
x,vaa;n,vaa;n
x,vaadii-e,vaadii
x,vaah,vaah
x,vaajib,vaajib
x,vaam,vaam
x,vaaqi((ah,vaaqi((ah
x,vaas:te,vaas:tah
x,vaazh-guu;n,vaazh-guun
x,vabaal,vabaal
x,vabaal-e,vabaal
x,vadii((at-;xaanah-e,vadii((at-;xaanah
x,vadii((at-e,vadii((at
x,vafaa,vafaa
x,vafaa-;xvurdagaa;n,vafaa-;xvurdah
x,vafaa-daarii,vafaa-daarii
x,vafaa-e,vafaa
x,vafaadaar,vafaa-daar
x,vafaadaarii,vafaa-daarii
x,vagarnah,vagarnah
x,vahaa;n,vahaa;n
x,vahm,vahm
x,vahm-e,vahm
x,vaj'h,vaj'h
x,vaj'h-e,vaj'h
x,vajd-e,vajd
x,vakiil,vakiil
x,vale,vale
x,valekin,valekin
x,valii,valii
x,valvale,valvalah
x,vaqf-e,vaqf
x,vaqt,vaqt
x,vaqt-e,vaqt
x,vaqto;n,vaqt
x,var:tah-e,var:tah
x,vara((,vara((
x,varaq,varaq
x,varaq-gardaanii-e,varaq-gardaanii
x,varnah,varnah
x,vi.saal,vi.saal
x,vi.saal-e,vi.saal
x,vidaa((,vidaa((
x,vidaa((-e,vidaa((
x,viiraa;n,viiraan
x,viiraanii,viiraanii
x,viiraanii-sii,viiraanii
x,vo,vuh
x,vohii,vohii
x,vufuur-e,vufuur
x,vuh,vuh
x,vuhii,vuhii
x,vujuud,vujuud
x,vujuud-e,vujuud
x,vujuud-o-((adam,vujuud-o-((adam|vujuud|((adam
x,vus((at,vus((at
x,vus((at-e,vus((at
x,ya((nii,ya((nii
x,ya((quub,ya((quub
x,yaa,yaa
x,yaa;n,yaa;n
x,yaad,yaad
x,yaadgaar-e,yaadgaar
x,yaar,yaar
x,yaaraan-e,yaaraan
x,yaarii,yaarii
x,yaaro;n,yaar
x,yaas,yaas
x,yaas-;xez,yaas-;xez
x,yaas-o-ummiid,yaas-o-ummiid|yaas|ummiid
x,yagaanah,yagaanah
x,yahaa;n,yahaa;n
x,yak,yak
x,yak-((aalam-o-((aalam,yak-((aalam-o-((aalam|yak-((aalam|((aalam
x,yak-af;gaa;n,yak-af;gaan
x,yak-bayaabaa;n,yak-bayaabaan
x,yak-jahaa;n,yak-jahaan
x,yak-junbish-e,yak-junbish
x,yak-kaf,yak-kaf
x,yak-qalam,yak-qalam
x,yak-shahr,yak-shahr
x,yaktaa,yaktaa
x,yaktaa))ii,yaktaa))ii
x,yaqii;n,yaqiin
x,yaqiin-e,yaqiin
x,yih,yih
x,yihii,yihii
x,yuu;n,yuu;n
x,yuusuf,yuusuf
x,yuusuf-e,yuusuf
x,z,z
x,z-bas,z-bas
x,z-baskih,z-baskih
x,za((m,za((m
x,za;hmat,za;hmat
x,za;hmat-e,za;hmat
x,za;xm,za;xm
x,za;xm-e,za;xm
x,za;xmii,za;xmii
x,za;xmiyo;n,za;xmii
x,zaahid,zaahid
x,zaanuu,zaanuu
x,zaanuu-e,zaanuu
x,zaar,zaar
x,zabaa;n,zabaan
x,zabaa;nhaa-e,zabaan
x,zabaan,zabaan
x,zabaan-e,zabaan
x,zabaanii,zabaanii
x,zabaanii-e,zabaanii
x,zabuu;n,zabuun
x,zabuunii-e,zabuunii
x,zabuunii-kash-e,zabuunii-kash
x,zahe,zahe
x,zahr,zahr
x,zahr-aab,zahr-aab
x,zahr-e,zahr
x,zahrah,zahrah
x,zahrah-e,zahrah
x,zakaat-e,zakaat
x,zamaa;n,zamaan
x,zamaanah,zamaanah
x,zamaanah-e,zamaanah
x,zamaane,zamaanah
x,zamii;n,zamiin
x,zamiin,zamiin
x,zamzam,zamzam
x,zamzamah-e,zamzamah
x,zanaan-e,zanaan
x,zang,zang
x,zangaar,zangaar
x,zanjiir,zanjiir
x,zanjiir-e,zanjiir
x,zar,zar
x,zar-e,zar
x,zard,zard
x,zavaal,zavaal
x,zavaal-aamaadah,zavaal-aamaadah
x,zer-baar-e,zer-baar
x,zer-e,zer
x,ziinat-e,ziinat
x,ziist,ziist
x,zindaa;n,zindaan
x,zindaa;n-;xaanah,zindaan-;xaanah
x,zindaan-e,zindaan
x,zindaanii-e,zindaanii
x,zindaaniyo;n,zindaanii
x,zindagaanii,zindagaanii
x,zindagaanii-e,zindagaanii
x,zindagii,zindagii
x,zindah,zindah
x,zinhaar,zinhaar
x,ziyaa;n,ziyaan
x,ziyaad,ziyaad
x,ziyaadah,ziyaadah
x,ziyaarat-gaah-e,ziyaarat-gaah
x,ziyaarat-kadah,ziyaarat-kadah
x,zor,zor
x,zu((m-e,zu((m
x,zuhd,zuhd
x,zulai;xaa,zulai;xaa
x,zulf,zulf
x,zulf-e,zulf
x,zulfe;n,zulf
x,zumurrud,zumurrud
x,zunnaar,zunnaar
x,zuud-pashemaa;n,zuud-pashemaan
